name,full_name,age,date_of_birth,place_of_birth,nationality,height_cm,foot,current_club,position,shirt_number,joined_club,contract_until,market_value,max_market_value,matches_played,goals,assists,minutes_played,yellow_cards,red_cards,error
Lucas Chevalier,Lucas Eugène Chevalier,24,06/11/2001,Calais,France,189,right,PSG,Goalkeeper,30,09/08/2025,30/06/2030,€35.00m,,,,,,,,
Matvey Safonov,Сафонов Матвей Евгеньевич,26,25/02/1999,Krasnodar,Russia,192,right,PSG,Goalkeeper,39,01/07/2024,30/06/2029,€15.00m,,,,,,,,
Renato Marin,Renato Bellucci Marin,19,10/07/2006,São Paulo,"Italy, Brazil",190,right,PSG,Goalkeeper,89,17/07/2025,30/06/2030,€500k,,,,,,,,
Willian Pacho,Willian Joel Pacho Tenorio,24,16/10/2001,Quinindé,Ecuador,188,left,PSG,Defender - Centre-Back,51,09/08/2024,30/06/2029,€70.00m,,,,,,,,
Ilya Zabarnyi,Забарний Ілля Борисович,23,01/09/2002,Kyiv,Ukraine,189,right,PSG,Defender - Centre-Back,6,12/08/2025,30/06/2030,€50.00m,,,,,,,,
Marquinhos,,31,14/05/1994,São Paulo,"Brazil, Portugal",183,right,PSG,Defender - Centre-Back,5,19/07/2013,30/06/2028,€30.00m,,,,,,,,
Lucas Beraldo,Lucas Lopes Beraldo,22,24/11/2003,Piracicaba,Brazil,186,left,PSG,Defender - Centre-Back,4,01/01/2024,30/06/2028,€20.00m,,,,,,,,
Nuno Mendes,Nuno Alexandre Tavares Mendes,23,19/06/2002,Lisboa,Portugal,180,left,PSG,Defender - Left-Back,25,01/07/2022,30/06/2029,€75.00m,,,,,,,,
Lucas Hernández,Lucas François Bernard Hernández,30,14/02/1996,Marseille,"France, Spain",184,left,PSG,Defender - Left-Back,21,09/07/2023,30/06/2028,€20.00m,,,,,,,,
Achraf Hakimi,أشرف حكيمي,27,04/11/1998,Madrid,"Morocco, Spain",181,right,PSG,Defender - Right-Back,2,06/07/2021,30/06/2029,€80.00m,,,,,,,,
Vitinha,,26,13/02/2000,Vila das Aves,Portugal,172,right,PSG,Midfield - Defensive Midfield,17,01/07/2022,30/06/2029,€110.00m,,,,,,,,
João Neves,João Pedro Gonçalves Neves,21,27/09/2004,Tavira,Portugal,174,right,PSG,Midfield - Central Midfield,87,05/08/2024,30/06/2029,€110.00m,,,,,,,,
Warren Zaïre-Emery,Warren Marie Jean-Pierre Zaïre-Emery,19,08/03/2006,Montreuil,"France, Martinique",178,right,PSG,Midfield - Central Midfield,33,01/07/2022,30/06/2029,€50.00m,,,,,,,,
Fabián Ruiz,Fabián Ruiz Peña,29,03/04/1996,Los Palacios y Villafranca,Spain,189,left,PSG,Midfield - Central Midfield,8,30/08/2022,30/06/2027,€40.00m,,,,,,,,
Senny Mayulu,Senny Nsona Mayulu,19,17/05/2006,Le Blanc-Mesnil,"France, DR Congo",183,both,PSG,Midfield - Central Midfield,24,01/01/2024,30/06/2027,€40.00m,,,,,,,,
Kang-in Lee,이강인,24,19/02/2001,"Namdong-gu, Incheon","Korea, South",173,left,PSG,Midfield - Attacking Midfield,19,08/07/2023,30/06/2028,€25.00m,,,,,,,,
Dro Fernández,Pedro Fernández Sarmiento,18,12/01/2008,Nigrán,"Spain, Philippines",180,right,PSG,Midfield - Attacking Midfield,27,26/01/2026,30/06/2030,€10.00m,,,,,,,,
Khvicha Kvaratskhelia,ხვიჩა კვარაცხელია,25,12/02/2001,Tiflis,Georgia,183,both,PSG,Attack - Left Winger,7,17/01/2025,30/06/2029,€90.00m,,,,,,,,
Bradley Barcola,Bradley Jean-Manuel Essolisam Addo Barcola,23,02/09/2002,Lyon,"France, Togo",182,right,PSG,Attack - Left Winger,29,31/08/2023,30/06/2028,€70.00m,,,,,,,,
Quentin Ndjantou,Quentin Enzo Léo Ndjantou Mbitcha,18,23/07/2007,Arpajon,"France, Cameroon",182,right,PSG,Attack - Left Winger,47,01/07/2025,30/06/2028,€7.00m,,,,,,,,
Désiré Doué,Désiré Nonka-Maho Doué,20,03/06/2005,Angers,"France, Cote d'Ivoire",181,right,PSG,Attack - Right Winger,14,17/08/2024,30/06/2029,€90.00m,,,,,,,,
Ibrahim Mbaye,,18,24/01/2008,Trappes,"Senegal, France",175,right,PSG,Attack - Right Winger,49,01/07/2025,30/06/2028,€25.00m,,,,,,,,
Ousmane Dembélé,Masour Ousmane Dembélé,28,15/05/1997,Vernon,France,178,both,PSG,Attack - Centre-Forward,10,12/08/2023,30/06/2028,€100.00m,,,,,,,,
Gonçalo Ramos,Gonçalo Matias Ramos,24,20/06/2001,Olhão,Portugal,185,right,PSG,Attack - Centre-Forward,9,01/01/2024,30/06/2028,€35.00m,,,,,,,,
Gerónimo Rulli,,33,20/05/1992,La Plata,"Argentina, Italy",189,right,Marseille,Goalkeeper,1,11/08/2024,30/06/2027,€9.00m,,,,,,,,
Jeffrey de Lange,,27,01/04/1998,Amstelveen,Netherlands,190,right,Marseille,Goalkeeper,12,08/08/2024,30/06/2027,€2.00m,,,,,,,,
Jelle Van Neck,,21,07/03/2004,Brugge,Belgium,191,right,Marseille B,Goalkeeper,,01/07/2022,30/06/2027,,,,,,,,,
Théo Vermot,,29,27/01/1997,Fréjus,France,190,right,Marseille B,Goalkeeper,,01/07/2024,30/06/2026,,,,,,,,,
Nayef Aguerd,نايف أكرد,29,30/03/1996,Kénitra,Morocco,190,left,Marseille,Defender - Centre-Back,21,01/09/2025,30/06/2030,€22.00m,,,,,,,,
Leonardo Balerdi,Leonardo Julián Balerdi Rosa,27,26/01/1999,Villa Mercedes,"Argentina, Italy",187,right,Marseille,Defender - Centre-Back,5,03/07/2021,30/06/2028,€20.00m,,,,,,,,
Benjamin Pavard,Benjamin Jacques Marcel Pavard,29,28/03/1996,Maubeuge,France,186,right,Marseille,Defender - Centre-Back,28,01/09/2025,30/06/2026,€20.00m,,,,,,,,
Facundo Medina,Facundo Axel Medina,26,28/05/1999,Villa Fiorito,Argentina,184,left,Marseille,Defender - Centre-Back,32,02/07/2025,30/06/2026,€20.00m,,,,,,,,
CJ Egan-Riley,Conrad Jaden Egan-Riley,23,02/01/2003,Manchester,"England, Ireland",183,right,Marseille,Defender - Centre-Back,4,01/07/2025,30/06/2029,€12.00m,,,,,,,,
Emerson,,31,03/08/1994,Santos,"Italy, Brazil",176,left,Marseille,Defender - Left-Back,33,01/09/2025,30/06/2027,€10.00m,,,,,,,,
Arthur Vermeeren,Arthur Denis Vermeeren,21,07/02/2005,Lier,Belgium,180,right,Marseille,Midfield - Defensive Midfield,18,31/08/2025,30/06/2026,€28.00m,,,,,,,,
Pierre-Emile Højbjerg,Pierre-Emile Kordt Højbjerg,30,05/08/1995,København,"Denmark, France",185,right,Marseille,Midfield - Defensive Midfield,23,01/07/2025,30/06/2028,€18.00m,,,,,,,,
Geoffrey Kondogbia,Geoffrey Edwin Kondogbia,33,15/02/1993,Nemours,"Central African Republic, France",188,left,Marseille,Midfield - Defensive Midfield,19,01/07/2023,30/06/2027,€5.00m,,,,,,,,
Tochukwu Nnadi,,22,30/06/2003,Ihiagwa,Nigeria,176,right,Marseille,Midfield - Defensive Midfield,6,02/02/2026,30/06/2030,€2.00m,,,,,,,,
Quinten Timber,Quinten Ryan Crispito Timber,24,17/06/2001,Utrecht,"Netherlands, Curacao",179,right,Marseille,Midfield - Central Midfield,27,23/01/2026,30/06/2030,€25.00m,,,,,,,,
Bilal Nadir,بلال نذير,22,28/11/2003,Nice,"Morocco, France",179,left,Marseille,Midfield - Central Midfield,26,01/07/2023,30/06/2026,€9.00m,,,,,,,,
Timothy Weah,Timothy Tarpeh Weah,25,22/02/2000,"New York City, New York","United States, France",183,right,Marseille,Midfield - Right Midfield,22,06/08/2025,30/06/2026,€20.00m,,,,,,,,
Ethan Nwaneri,Ethan Chidiebere Nwaneri,18,21/03/2007,London,"England, Nigeria",176,left,Marseille,Midfield - Attacking Midfield,11,23/01/2026,30/06/2026,€40.00m,,,,,,,,
Himad Abdelli,حيماد عبدلي,26,17/11/1999,Montivilliers,"Algeria, France",185,right,Marseille,Midfield - Attacking Midfield,8,02/02/2026,30/06/2030,€7.00m,,,,,,,,
Igor Paixão,Igor Guilherme Barbosa da Paixão,25,28/06/2000,Macapá,Brazil,168,right,Marseille,Attack - Left Winger,14,01/08/2025,30/06/2030,€35.00m,,,,,,,,
Hamed Traoré,Hamed Junior Traoré,25,16/02/2000,Abidjan,Cote d'Ivoire,177,right,Marseille,Attack - Left Winger,20,29/08/2025,30/06/2026,€15.00m,,,,,,,,
Mason Greenwood,Mason Will John Greenwood,24,01/10/2001,Bradford,"England, Jamaica",181,both,Marseille,Attack - Right Winger,10,18/07/2024,30/06/2029,€50.00m,,,,,,,,
Amine Gouiri,Amine Ferid Gouiri,25,16/02/2000,Bourgoin-Jallieu,"Algeria, France",181,right,Marseille,Attack - Centre-Forward,9,31/01/2025,30/06/2029,€28.00m,,,,,,,,
Pierre-Emerick Aubameyang,Pierre-Emerick Emiliano François Aubameyang,36,18/06/1989,Laval,"Gabon, France",187,right,Marseille,Attack - Centre-Forward,17,31/07/2025,30/06/2027,€3.00m,,,,,,,,
Philipp Köhn,Philipp François Köhn,27,02/04/1998,Dinslaken,"Switzerland, Germany",190,right,Monaco,Goalkeeper,16,15/07/2023,30/06/2028,€4.00m,,,,,,,,
Lukas Hradecky,Lukáš Hrádecký,36,24/11/1989,Bratislava,"Finland, Slovakia",192,right,Monaco,Goalkeeper,1,08/08/2025,30/06/2027,€1.80m,,,,,,,,
Jules Stawiecki,,18,10/04/2007,Dijon,"France, Poland",186,left,Monaco U19,Goalkeeper,,30/01/2024,30/06/2029,€150k,,,,,,,,
Yann Lienard,Yann François Lienard,22,16/03/2003,Aubagne,France,194,right,Monaco,Goalkeeper,50,01/07/2023,30/06/2027,€100k,,,,,,,,
Thilo Kehrer,Jan Thilo Kehrer,29,21/09/1996,Tübingen,"Germany, Burundi",186,both,Monaco,Defender - Centre-Back,5,01/07/2024,30/06/2028,€18.00m,,,,,,,,
Christian Mawissa,Christian Mawissa Elebi,20,18/04/2005,Saint-Jean-de-Verges,"France, DR Congo",184,left,Monaco,Defender - Centre-Back,13,11/08/2024,30/06/2029,€15.00m,,,,,,,,
Wout Faes,Wout Felix Lina Faes,27,03/04/1998,Mol,Belgium,187,right,Monaco,Defender - Centre-Back,25,13/01/2026,30/06/2026,€12.00m,,,,,,,,
Mohammed Salisu,Mohammed Salisu Abdul Karim,26,17/04/1999,Kumasi,Ghana,188,left,Monaco,Defender - Centre-Back,22,01/08/2023,30/06/2028,€10.00m,,,,,,,,
Eric Dier,Eric Jeremy Edgar Dier,32,15/01/1994,Cheltenham,"England, Portugal",191,right,Monaco,Defender - Centre-Back,3,01/07/2025,30/06/2028,€7.00m,,,,,,,,
Caio Henrique,,28,31/07/1997,Santos,"Brazil, Spain",178,left,Monaco,Defender - Left-Back,12,27/08/2020,30/06/2027,€15.00m,,,,,,,,
Kassoum Ouattara,,21,14/10/2004,Paris,"France, Cote d'Ivoire",184,left,Monaco,Defender - Left-Back,20,01/11/2023,30/06/2028,€9.00m,,,,,,,,
Vanderson,,24,21/06/2001,Rondonópolis,Brazil,173,right,Monaco,Defender - Right-Back,2,01/01/2022,30/06/2028,€20.00m,,,,,,,,
Jordan Teze,,26,30/09/1999,Groningen,"Netherlands, DR Congo",183,right,Monaco,Defender - Right-Back,4,20/08/2024,30/06/2029,€12.00m,,,,,,,,
Denis Zakaria,Denis Lemi Zakaria Lako Lado,29,20/11/1996,Genf,"Switzerland, DR Congo",190,right,Monaco,Midfield - Defensive Midfield,6,14/08/2023,30/06/2028,€25.00m,,,,,,,,
Aladji Bamba,,19,14/07/2006,Blois,"France, Guinea",181,right,Monaco,Midfield - Defensive Midfield,23,01/07/2025,30/06/2030,€3.50m,,,,,,,,
Lamine Camara,,22,01/01/2004,Diouloulou,Senegal,173,right,Monaco,Midfield - Central Midfield,15,30/07/2024,30/06/2029,€30.00m,,,,,,,,
Mamadou Coulibaly,,21,21/04/2004,Paris,"France, Mali",179,left,Monaco,Midfield - Central Midfield,28,01/07/2025,30/06/2028,€8.00m,,,,,,,,
Paul Pogba,Paul Labile Pogba,32,15/03/1993,Lagny-sur-Marne,"France, Guinea",191,both,Monaco,Midfield - Central Midfield,8,01/07/2025,30/06/2027,€5.00m,,,,,,,,
Aleksandr Golovin,Головин Александр Сергеевич,29,30/05/1996,"Kaltan, Kemerovo Oblast",Russia,178,right,Monaco,Midfield - Attacking Midfield,10,27/07/2018,30/06/2029,€18.00m,,,,,,,,
Stanis Idumbo,Stanis Idumbo Muzambo,20,29/06/2005,Melun,"Belgium, DR Congo",171,right,Monaco,Midfield - Attacking Midfield,17,30/08/2025,30/06/2030,€5.00m,,,,,,,,
Simon Adingra,,24,01/01/2002,Abobo,Cote d'Ivoire,175,right,Monaco,Attack - Left Winger,24,02/02/2026,30/06/2026,€22.00m,,,,,,,,
Takumi Minamino,南野 拓実,31,16/01/1995,"Izumisano, Osaka",Japan,172,right,Monaco,Attack - Left Winger,18,01/07/2022,30/06/2027,€12.00m,,,,,,,,
Ansu Fati,Anssumane Fati Vieira,23,31/10/2002,Bissau,"Spain, Guinea-Bissau",178,right,Monaco,Attack - Left Winger,31,01/07/2025,30/06/2026,€10.00m,,,,,,,,
Maghnes Akliouche,,23,25/02/2002,Tremblay-en-France,"France, Algeria",183,left,Monaco,Attack - Right Winger,11,01/07/2022,30/06/2028,€45.00m,,,,,,,,
Krépin Diatta,,26,25/02/1999,Dakar,Senegal,175,right,Monaco,Attack - Right Winger,27,21/01/2021,30/06/2026,€6.00m,,,,,,,,
Folarin Balogun,Folarin Jolaoluwa Jerry Balogun,24,03/07/2001,"New York City, New York","United States, England",178,right,Monaco,Attack - Centre-Forward,9,30/08/2023,30/06/2028,€22.00m,,,,,,,,
Mika Biereth,Mika Miles Biereth,23,08/02/2003,London,"Denmark, England",187,right,Monaco,Attack - Centre-Forward,14,11/01/2025,30/06/2030,€22.00m,,,,,,,,
Paris Brunner,Paris Josua Brunner,20,15/02/2006,Dortmund,"Germany, DR Congo",186,right,Monaco,Attack - Centre-Forward,29,16/08/2024,30/06/2028,€1.50m,,,,,,,,
Mike Penders,Mike Louis Penders,20,31/07/2005,Maasmechelen,Belgium,200,left,R. Strasbourg,Goalkeeper,39,28/07/2025,30/06/2026,€15.00m,,,,,,,,
Stefan Bajic,Stefan Bajić,24,23/12/2001,Saint-Étienne,"France, Serbia",188,right,R. Strasbourg,Goalkeeper,50,16/08/2025,30/06/2026,€500k,,,,,,,,
Karl-Johan Johnsson,,36,28/01/1990,Ränneslöv,Sweden,188,right,R. Strasbourg,Goalkeeper,1,16/08/2024,30/06/2026,€250k,,,,,,,,
Ismaël Doukouré,,22,24/07/2003,Lille,"France, Cote d'Ivoire",183,right,R. Strasbourg,Defender - Centre-Back,6,29/01/2022,30/06/2028,€18.00m,,,,,,,,
Aarón Anselmino,,20,29/04/2005,Bernardo Larroudé,Argentina,186,right,R. Strasbourg,Defender - Centre-Back,5,02/02/2026,30/06/2026,€12.00m,,,,,,,,
Lucas Høgsberg,,19,23/06/2006,Farum,Denmark,187,right,R. Strasbourg,Defender - Centre-Back,24,09/08/2025,30/06/2030,€12.00m,,,,,,,,
Andrew Omobamidele,Andrew Abiola Omobamidele,23,23/06/2002,Leixlip,"Ireland, Nigeria",188,right,R. Strasbourg,Defender - Centre-Back,2,01/07/2025,30/06/2029,€7.00m,,,,,,,,
Ben Chilwell,Benjamin James Chilwell,29,21/12/1996,Milton Keynes,"England, New Zealand",180,left,R. Strasbourg,Defender - Left-Back,3,01/09/2025,30/06/2027,€12.00m,,,,,,,,
Guéla Doué,Guéla Maho Lewis Doué,23,17/10/2002,Angers,"Cote d'Ivoire, France",186,right,R. Strasbourg,Defender - Right-Back,22,26/07/2024,30/06/2029,€18.00m,,,,,,,,
Junior Mwanga,,22,11/05/2003,Lyon,"France, DR Congo",184,both,R. Strasbourg,Midfield - Defensive Midfield,18,08/08/2023,30/06/2027,€7.00m,,,,,,,,
Maxi Oyedele,Maximillian Oyedele,21,07/11/2004,Salford,"Poland, England",183,right,R. Strasbourg,Midfield - Defensive Midfield,8,16/07/2025,30/06/2030,€4.00m,,,,,,,,
Rafael Luís,Rafael Filipe Gonçalves Soares Luís,20,18/02/2005,Amadora,Portugal,188,left,R. Strasbourg,Midfield - Defensive Midfield,83,17/08/2025,30/06/2026,€4.00m,,,,,,,,
Valentín Barco,,21,23/07/2004,25 de Mayo,Argentina,170,left,R. Strasbourg,Midfield - Central Midfield,32,02/07/2025,30/06/2029,€25.00m,,,,,,,,
Mathis Amougou,,20,18/01/2006,Le Blanc-Mesnil,"France, Cameroon",177,right,R. Strasbourg,Midfield - Central Midfield,17,12/07/2025,30/06/2030,€10.00m,,,,,,,,
Samir El Mourabet,سمير المرابط,20,06/10/2005,Strasbourg,"Morocco, France",186,left,R. Strasbourg,Midfield - Central Midfield,29,01/07/2025,30/06/2030,€8.00m,,,,,,,,
Diego Moreira,Diego Manuel Jadon da Silva Moreira,21,06/08/2004,Liège,"Belgium, Portugal",179,left,R. Strasbourg,Midfield - Left Midfield,7,16/08/2024,30/06/2029,€18.00m,,,,,,,,
Sebastian Nanasi,Algot Sebastian Nanasi,23,16/05/2002,Kristianstad,"Sweden, Hungary",178,right,R. Strasbourg,Midfield - Left Midfield,11,23/08/2024,30/06/2029,€15.00m,,,,,,,,
Julio Enciso,Julio César Enciso Espínola,22,23/01/2004,Caaguazú,Paraguay,173,right,R. Strasbourg,Midfield - Attacking Midfield,19,01/09/2025,30/06/2029,€20.00m,,,,,,,,
Martial Godo,Becket Fabrice-Martial Godo,22,14/03/2003,London,"Cote d'Ivoire, England",177,right,R. Strasbourg,Attack - Left Winger,20,01/09/2025,30/06/2030,€7.00m,,,,,,,,
Abdoul Ouattara,Abdoul Guemissongui Ouattara,20,22/10/2005,Zoukpangbeu,"Cote d'Ivoire, France",180,,R. Strasbourg,Attack - Right Winger,42,01/01/2025,30/06/2029,€9.00m,,,,,,,,
Samuel Amo-Ameyaw,Samuel Christian Osaze Amo-Ameyaw,19,18/07/2006,London,"England, Ghana",174,left,R. Strasbourg,Attack - Right Winger,27,01/07/2025,30/06/2029,€8.00m,,,,,,,,
Gessime Yassine,جاسم ياسين,20,22/11/2005,Salon-de-Provence,"Morocco, France",172,left,R. Strasbourg,Attack - Right Winger,80,17/01/2026,30/06/2030,€6.00m,,,,,,,,
Emmanuel Emegha,Emmanuel Esseh Emegha,23,03/02/2003,Den Haag,"Netherlands, Nigeria",196,right,R. Strasbourg,Attack - Centre-Forward,10,22/07/2023,30/06/2028,€28.00m,,,,,,,,
Joaquín Panichelli,,23,07/10/2002,Córdoba,Argentina,190,right,R. Strasbourg,Attack - Centre-Forward,9,27/07/2025,30/06/2030,€25.00m,,,,,,,,
David Datro Fofana,,23,22/12/2002,Ouragahio,Cote d'Ivoire,182,right,R. Strasbourg,Attack - Centre-Forward,15,02/02/2026,30/06/2026,€5.00m,,,,,,,,
Berke Özer,,25,25/05/2000,Izmir,Türkiye,191,right,Lille,Goalkeeper,1,14/08/2025,30/06/2029,€10.00m,,,,,,,,
Arnaud Bodart,,27,11/03/1998,Seraing,Belgium,186,right,Lille,Goalkeeper,16,01/07/2025,30/06/2027,€2.00m,,,,,,,,
Marc-Aurèle Caillard,,31,12/05/1994,Melun,France,192,right,Lille,Goalkeeper,30,30/08/2024,30/06/2026,€100k,,50,64,12,,,,
Alexsandro,,26,09/08/1999,Rio de Janeiro,Brazil,191,both,Lille,Defender - Centre-Back,4,01/07/2022,30/06/2028,€20.00m,,,,,,,,
Nathan Ngoy,,22,10/06/2003,Brussel,"Belgium, DR Congo",183,right,Lille,Defender - Centre-Back,3,24/07/2025,30/06/2029,€10.00m,,,,,,,,
Chancel Mbemba,Chancel Mbemba Mangulu,31,08/08/1994,Kinshasa,DR Congo,182,right,Lille,Defender - Centre-Back,18,01/09/2025,30/06/2026,€2.50m,,,,,,,,
Aïssa Mandi,عيسى ماندي,34,22/10/1991,Châlons-en-Champagne,"Algeria, France",186,right,Lille,Defender - Centre-Back,23,01/08/2024,30/06/2026,€1.00m,,,,,,,,
Rafael Fernandes,Rafael Tavares Gomes Fernandes,23,28/06/2002,Setúbal,Portugal,191,right,Lille,Defender - Centre-Back,,31/01/2024,30/06/2028,€600k,,,,,,,,
Ousmane Touré,,20,18/02/2005,Lille,"France, Mali",187,right,Lille,Defender - Centre-Back,36,01/07/2024,30/06/2028,€500k,,,,,,,,
Romain Perraud,Romain Paul Jean-Michel Perraud,28,22/09/1997,Toulouse,France,173,left,Lille,Defender - Left-Back,15,08/08/2025,30/06/2028,€7.00m,,,,,,,,
Calvin Verdonk,Calvin Ronald Verdonk,28,26/04/1997,Dordrecht,"Indonesia, Netherlands",174,left,Lille,Defender - Left-Back,24,01/09/2025,30/06/2028,€3.00m,,,,,,,,
Tiago Santos,Tiago Carvalho Santos,23,23/07/2002,Lisboa,Portugal,175,right,Lille,Defender - Right-Back,22,05/07/2023,30/06/2029,€12.00m,,,,,,,,
Thomas Meunier,Thomas Andre A. Meunier,34,12/09/1991,Bastogne,Belgium,191,right,Lille,Defender - Right-Back,12,19/07/2024,30/06/2026,€1.80m,,,,,,,,
Ngal'ayel Mukau,,21,03/11/2004,Antwerpen,"DR Congo, Belgium",186,left,Lille,Midfield - Defensive Midfield,17,11/07/2024,30/06/2028,€12.00m,,,,,,,,
Nabil Bentaleb,نبيل بن طالب,31,24/11/1994,Lille,"Algeria, France",187,left,Lille,Midfield - Defensive Midfield,6,28/08/2023,30/06/2026,€5.00m,,,,,,,,
Benjamin André,,35,03/08/1990,Nice,France,180,right,Lille,Midfield - Defensive Midfield,21,17/07/2019,30/06/2028,€4.00m,,,,,,,,
Ayyoub Bouaddi,أيوب بوعدي,18,02/10/2007,Senlis,"France, Morocco",186,right,Lille,Midfield - Central Midfield,32,01/07/2023,30/06/2029,€40.00m,,,,,,,,
André Gomes,André Filipe Tavares Gomes,32,30/07/1993,Grijó,Portugal,190,right,Lille,Midfield - Central Midfield,26,06/09/2024,30/06/2026,€4.50m,,,,,,,,
Hákon Arnar Haraldsson,,22,10/04/2003,Akranes,Iceland,178,right,Lille,Midfield - Attacking Midfield,10,17/07/2023,30/06/2030,€22.00m,,,,,,,,
Matías Fernández-Pardo,Matías Fernández-Pardo Picogna,21,03/02/2005,Brussel,"Spain, Belgium",188,right,Lille,Attack - Left Winger,7,30/08/2024,30/06/2029,€20.00m,,,,,,,,
Osame Sahraoui,اسامه صحراوي,24,11/06/2001,Oslo,"Morocco, Norway",170,right,Lille,Attack - Left Winger,11,01/08/2024,30/06/2029,€10.00m,,,,,,,,
Félix Correia,Félix Alexandre Andrade Sanches Correia,25,22/01/2001,Lisboa,"Portugal, Sao Tome and Principe",178,right,Lille,Attack - Left Winger,27,17/07/2025,30/06/2029,€10.00m,,,,,,,,
Ethan Mbappé,Ethan Mbappé Lottin,19,29/12/2006,Montreuil,"France, Cameroon",180,left,Lille,Attack - Right Winger,8,04/07/2024,30/06/2027,€9.00m,,,,,,,,
Marius Broholm,Marius Sivertsen Broholm,21,26/12/2004,Trondheim,Norway,176,left,Lille,Attack - Right Winger,14,01/07/2025,30/06/2030,€6.00m,,,,,,,,
Gaëtan Perrin,,29,07/06/1996,Lyon,France,169,right,Lille,Attack - Right Winger,28,02/02/2026,30/06/2028,€6.00m,,,,,,,,
Noah Edjouma,,20,04/10/2005,Clamart,"France, Cameroon",182,left,Lille,Attack - Right Winger,20,02/02/2026,30/06/2030,€2.50m,,,,,,,,
Hamza Igamane,حمزة إكمان,23,02/11/2002,Témara,Morocco,181,right,Lille,Attack - Centre-Forward,29,29/08/2025,30/06/2030,€18.00m,,,,,,,,
Olivier Giroud,Olivier Jonathan Giroud,39,30/09/1986,Chambéry,France,192,left,Lille,Attack - Centre-Forward,9,01/07/2025,30/06/2026,€1.00m,,,,,,,,
Dominik Greif,,28,06/04/1997,Bratislava,Slovakia,197,right,Lyon,Goalkeeper,1,18/08/2025,30/06/2029,€8.00m,,,,,,,,
Rémy Descamps,,29,25/06/1996,Marcq-en-Barœul,France,196,both,Lyon,Goalkeeper,40,23/08/2024,30/06/2027,€2.00m,,,,,,,,
Lassine Diarra,,23,11/11/2002,Bamako,Mali,190,right,Olymp. Lyon B,Goalkeeper,,04/11/2023,30/06/2028,€50k,,,,,,,,
Moussa Niakhaté,,29,08/03/1996,Roubaix,"Senegal, France",190,left,Lyon,Defender - Centre-Back,19,04/07/2024,30/06/2028,€15.00m,,,,,,,,
Clinton Mata,Clinton Mukoni Mata Pedro Lourenço,33,07/11/1992,Verviers,"Angola, Belgium",180,right,Lyon,Defender - Centre-Back,22,06/07/2023,30/06/2028,€3.00m,,,,,,,,
Ruben Kluivert,Ruben Caine Kluivert,24,21/05/2001,Amsterdam,"Netherlands, Suriname",187,right,Lyon,Defender - Centre-Back,21,25/07/2025,30/06/2030,€2.50m,,,,,,,,
Noham Kamara,Noham Fadjigui Kamara,19,22/01/2007,Meaux,"France, Senegal",185,right,Lyon,Defender - Centre-Back,85,02/02/2026,30/06/2026,€1.00m,,,,,,,,
Abner,,25,27/05/2000,Presidente Prudente,Brazil,181,left,Lyon,Defender - Left-Back,16,05/07/2024,30/06/2029,€7.00m,,,,,,,,
Nicolás Tagliafico,Nicolás Alejandro Tagliafico,33,31/08/1992,Rafael Calzada,"Argentina, Italy",171,left,Lyon,Defender - Left-Back,3,23/07/2022,30/06/2027,€5.00m,,,,,,,,
Achraf Laâziri,أشرف العزيري,22,08/07/2003,Hay Hassani,Morocco,177,left,Lyon,Defender - Left-Back,36,01/07/2023,30/06/2027,€500k,,,,,,,,
Ainsley Maitland-Niles,Ainsley Cory Maitland-Niles,28,29/08/1997,London,"England, Jamaica",180,right,Lyon,Defender - Right-Back,98,07/08/2023,30/06/2027,€10.00m,,,,,,,,
Hans Hateboer,,32,09/01/1994,Beerta,Netherlands,187,right,Lyon,Defender - Right-Back,33,17/10/2025,30/06/2026,€2.00m,,,,,,,,
Tyler Morton,Tyler Scott Morton,23,31/10/2002,Wallasey,England,185,right,Lyon,Midfield - Defensive Midfield,23,05/08/2025,30/06/2030,€18.00m,,,,,,,,
Tanner Tessmann,Francis Tanner James Tessmann,24,24/09/2001,"Birmingham, Alabama",United States,188,right,Lyon,Midfield - Defensive Midfield,6,27/08/2024,30/06/2029,€12.00m,,,,,,,,
Orel Mangala,Orel Johnson Mangala,27,18/03/1998,Brussel,"Belgium, DR Congo",178,right,Lyon,Midfield - Defensive Midfield,5,02/07/2024,30/06/2028,€10.00m,,,,,,,,
Mathys De Carvalho,Mathys de Carvalho Soares,20,01/05/2005,Lyon,"Portugal, France",183,right,Lyon,Midfield - Defensive Midfield,39,11/07/2025,30/06/2028,€4.00m,,,,,,,,
Corentin Tolisso,,31,03/08/1994,Tarare,"France, Togo",181,right,Lyon,Midfield - Central Midfield,8,01/07/2022,30/06/2027,€12.00m,,,,,,,,
Khalis Merah,,18,24/02/2007,Meyzieu,"France, Algeria",178,right,Lyon,Midfield - Central Midfield,44,01/07/2025,30/06/2029,€8.00m,,,,,,,,
Pavel Sulc,Pavel Šulc,25,29/12/2000,Karlovy Vary,Czech Republic,177,right,Lyon,Midfield - Attacking Midfield,10,04/08/2025,30/06/2029,€12.00m,,,,,,,,
Adam Karabec,,22,02/07/2003,Praha,Czech Republic,187,left,Lyon,Midfield - Attacking Midfield,7,12/08/2025,30/06/2026,€8.00m,,,,,,,,
Noah Nartey,Noah Teye Nartey,20,05/10/2005,Bagsværd,"Denmark, Ghana",180,right,Lyon,Midfield - Attacking Midfield,99,19/01/2026,30/06/2030,€8.00m,,,,,,,,
Malick Fofana,Malick Martin Fofana,20,31/03/2005,Aalst,"Belgium, Guinea",169,right,Lyon,Attack - Left Winger,11,10/01/2024,30/06/2028,€30.00m,,,,,,,,
Afonso Moreira,Afonso Bastardo Moreira,20,19/03/2005,Lamego,Portugal,176,right,Lyon,Attack - Left Winger,17,22/07/2025,30/06/2029,€5.00m,,,,,,,,
Rémi Himbert,Rémi Stéphane Himbert,17,29/02/2008,Saint-Avold,France,178,right,Olymp. Lyon B,Attack - Left Winger,,01/07/2025,-,€1.50m,,,,,,,,
Ernest Nuamah,Ernest Nuamah Appiah,22,01/11/2003,Kumasi,Ghana,178,left,Lyon,Attack - Right Winger,37,07/07/2024,30/06/2028,€12.00m,,52,6,3,,,,
Rachid Ghezzal,رشيد غزال,33,09/05/1992,Décines-Charpieu,"Algeria, France",182,left,Lyon,Attack - Right Winger,18,05/09/2025,30/06/2026,€700k,,,,,,,,
Endrick,,19,21/07/2006,Taguatinga,Brazil,173,left,Lyon,Attack - Centre-Forward,9,01/01/2026,30/06/2026,€25.00m,,,,,,,,
Roman Yaremchuk,Яремчук Роман Олегович,30,27/11/1995,Lviv,Ukraine,191,right,Lyon,Attack - Centre-Forward,77,02/02/2026,30/06/2026,€2.50m,,,,,,,,
Brice Samba,Brice Lauriche Samba,31,25/04/1994,Linzolo,"France, Congo",187,left,Stade Rennais,Goalkeeper,30,08/01/2025,30/06/2029,€10.00m,,,,,,,,
Mathys Silistrie,,20,16/09/2005,,"France, Guadeloupe",,,Stade Rennais,Goalkeeper,50,01/07/2025,30/06/2029,,,,,,,,,
Jérémy Jacquet,,20,13/07/2005,Bondy,"France, Guadeloupe",190,right,Stade Rennais,Defender - Centre-Back,97,01/01/2024,30/06/2029,€20.00m,,,,,,,,
Lilian Brassier,,26,02/11/1999,Argenteuil,"France, Togo",186,left,Stade Rennais,Defender - Centre-Back,3,01/07/2025,30/06/2029,€10.00m,,,,,,,,
Abdelhamid Ait Boudlal,عبد الحميد أيت بودلال,19,16/04/2006,Marrakech,Morocco,190,right,Stade Rennais,Defender - Centre-Back,48,02/07/2024,30/06/2028,€10.00m,,,,,,,,
Anthony Rouault,,24,29/05/2001,Villeneuve-sur-Lot,France,186,right,Stade Rennais,Defender - Centre-Back,24,03/02/2025,30/06/2029,€9.00m,,,,,,,,
Alidu Seidu,,25,04/06/2000,Accra,Ghana,173,right,Stade Rennais,Defender - Centre-Back,36,29/01/2024,30/06/2029,€6.00m,,,,,,,,
Quentin Merlin,,23,16/05/2002,Nantes,France,174,left,Stade Rennais,Defender - Left-Back,26,22/07/2025,30/06/2029,€12.00m,,,,,,,,
Mahamadou Nagida,Mahamadou Aboubakar Nagida,20,28/06/2005,Douala,Cameroon,176,left,Stade Rennais,Defender - Left-Back,18,01/07/2024,30/06/2029,€1.50m,,,,,,,,
Przemyslaw Frankowski,Przemysław Adam Frankowski,30,12/04/1995,Gdańsk,Poland,175,right,Stade Rennais,Defender - Right-Back,95,05/08/2025,30/06/2026,€7.00m,,,,,,,,
Djaoui Cissé,,22,31/01/2004,Juvisy-sur-Orge,"France, Mali",188,right,Stade Rennais,Midfield - Central Midfield,6,01/07/2024,30/06/2030,€15.00m,,,,,,,,
Mahdi Camara,,27,30/06/1998,Martigues,"France, The Gambia",176,right,Stade Rennais,Midfield - Central Midfield,45,13/08/2025,30/06/2029,€10.00m,,,,,,,,
Valentin Rongier,,31,07/12/1994,Mâcon,France,173,right,Stade Rennais,Midfield - Central Midfield,21,21/07/2025,30/06/2028,€9.00m,,,,,,,,
Glen Kamara,,30,28/10/1995,Tampere,"Finland, Sierra Leone",178,right,Stade Rennais,Midfield - Central Midfield,4,16/07/2024,30/06/2028,€2.50m,,,,,,,,
Ludovic Blas,,28,31/12/1997,Colombes,"France, Martinique",180,left,Stade Rennais,Midfield - Right Midfield,10,05/07/2023,30/06/2027,€15.00m,,,,,,,,
Sebastian Szymanski,Sebastian Szymański,26,10/05/1999,Biała Podlaska,Poland,174,left,Stade Rennais,Midfield - Attacking Midfield,17,22/01/2026,30/06/2029,€12.00m,,,,,,,,
Mousa Tamari,"Mousa Mohammad Mousa Sulaiman Tamari, موسى محمد موسى سليمان",28,10/06/1997,Amman,Jordan,178,left,Stade Rennais,Attack - Right Winger,11,03/02/2025,30/06/2028,€6.00m,,,,,,,,
Arnaud Nordin,,27,17/06/1998,Paris,"France, Martinique",170,both,Stade Rennais,Attack - Right Winger,70,02/02/2026,30/06/2026,€4.00m,,,,,,,,
Nordan Mukiele,,20,12/02/2006,Montreuil,"France, DR Congo",184,right,Stade Rennais,Attack - Right Winger,65,01/07/2025,30/06/2028,€200k,,,,,,,,
Elías Legendre Quiñónez,Elías Alexander Legendre Quiñónez,17,22/04/2008,La Concordia,"Ecuador, France",179,,Stade Rennais,Attack - Right Winger,75,03/12/2025,30/06/2029,€100k,,,,,,,,
Estéban Lepaul,,25,18/04/2000,Auxerre,France,181,right,Stade Rennais,Attack - Centre-Forward,9,28/08/2025,30/06/2029,€15.00m,,,,,,,,
Breel Embolo,Breel Donald Embolo,29,14/02/1997,Yaoundé,"Switzerland, Cameroon",187,right,Stade Rennais,Attack - Centre-Forward,7,01/09/2025,30/06/2029,€12.00m,,,,,,,,
Yassir Zabiri,يسير محمد زبيري,20,23/02/2005,Marrakech,Morocco,182,left,Stade Rennais,Attack - Centre-Forward,77,02/02/2026,30/06/2029,€4.00m,,,,,,,,
Yehvann Diouf,Yehvann Djibril Victor Diouf,26,16/11/1999,Montreuil-sous-Bois,"Senegal, France",188,right,Nice,Goalkeeper,80,03/07/2025,30/06/2030,€9.00m,,,,,,,,
Maxime Dupé,,32,04/03/1993,Malestroit,France,188,right,Nice,Goalkeeper,31,28/01/2024,30/06/2026,€800k,,,,,,,,
Bartosz Zelazowski,Bartosz Żelazowski,20,25/04/2005,Warszawa,Poland,193,right,Nice,Goalkeeper,30,01/07/2025,-,,,,,,,,,
Youssouf Ndayishimiye,,27,27/10/1998,Bujumbura,Burundi,183,right,Nice,Defender - Centre-Back,55,25/01/2023,30/06/2027,€8.00m,,85,8,6,,,,
Moïse Bombito,Moïse Bombito Lumpungu,25,30/03/2000,"Montreal, Quebec","Canada, DR Congo",190,right,Nice,Defender - Centre-Back,64,19/08/2024,30/06/2028,€8.00m,,,,,,,,
Juma Bah,Abdulai Juma Bah,19,11/04/2006,Freetown,Sierra Leone,195,right,Nice,Defender - Centre-Back,28,01/07/2025,30/06/2026,€7.00m,,,,,,,,
Antoine Mendy,Antoine Alpha Mendy,21,27/05/2004,Marseille,"Senegal, France",187,right,Nice,Defender - Centre-Back,33,01/07/2022,30/06/2028,€4.00m,,,,,,,,
Kojo Peprah Oppong,,21,04/06/2004,Accra,Ghana,185,right,Nice,Defender - Centre-Back,37,25/07/2025,30/06/2029,€4.00m,,,,,,,,
Mohamed Abdelmonem,محمد عبد المنعم,27,01/02/1999,Zagazig,Egypt,183,right,Nice,Defender - Centre-Back,5,29/08/2024,30/06/2028,€3.00m,,98,3,,,,,
Dante,,42,18/10/1983,Salvador da Bahia,Brazil,188,left,Nice,Defender - Centre-Back,4,23/08/2016,30/06/2026,€500k,,,,,,,,
Melvin Bard,Melvin Michel Maxence Bard,25,06/11/2000,Écully,France,173,left,Nice,Defender - Left-Back,26,16/07/2021,30/06/2028,€10.00m,,,,,,,,
Ali Abdi,علي العابدي,32,20/12/1993,Sfax,Tunisia,183,left,Nice,Defender - Left-Back,2,02/09/2024,30/06/2027,€2.50m,,,,,,,,
Jonathan Clauss,,33,25/09/1992,Strasbourg,France,178,right,Nice,Defender - Right-Back,92,25/07/2024,30/06/2028,€4.50m,,,,,,,,
Charles Vanhoutte,,27,16/09/1998,Kortrijk,Belgium,182,right,Nice,Midfield - Defensive Midfield,24,01/09/2025,30/06/2029,€7.00m,,,,,,,,
Salis Abdul Samed,,25,26/03/2000,Accra,"Ghana, Cote d'Ivoire",179,right,Nice,Midfield - Defensive Midfield,99,14/08/2025,30/06/2028,€4.50m,,,,,,,,
Hicham Boudaoui,هشام بوداوي,26,23/09/1999,Béchar,Algeria,175,right,Nice,Midfield - Central Midfield,6,02/09/2019,30/06/2027,€12.00m,,,,,,,,
Morgan Sanson,,31,18/08/1994,Saint-Doulchard,France,180,right,Nice,Midfield - Central Midfield,8,01/07/2024,30/06/2027,€4.00m,,,,,,,,
Tanguy Ndombélé,Tanguy Ndombélé Alvaro,29,28/12/1996,Longjumeau,"France, DR Congo",181,right,Nice,Midfield - Central Midfield,22,04/07/2024,30/06/2026,€3.00m,,,,,,,,
Djibril Coulibaly,,17,18/11/2008,Pontoise,"France, Mali",178,right,Nice,Midfield - Central Midfield,39,01/07/2025,30/06/2028,€500k,,,,,,,,
Tom Louchet,Tom Alexis Louchet,22,04/05/2003,Manosque,France,178,both,Nice,Midfield - Right Midfield,20,01/07/2023,30/06/2027,€5.00m,,,,,,,,
Gabin Bernardeau,,20,24/01/2006,Le Mans,France,181,left,Nice,Midfield - Attacking Midfield,23,01/07/2025,30/06/2028,€500k,,,,,,,,
Sofiane Diop,سفيان داودا ديوب,25,09/06/2000,Tours,"Morocco, France",175,right,Nice,Attack - Left Winger,10,29/08/2022,30/06/2027,€10.00m,,,,,,,,
Isak Jansson,,24,31/01/2002,Kinna,Sweden,175,right,Nice,Attack - Left Winger,21,10/07/2025,-,€5.00m,,,,,,,,
Mohamed-Ali Cho,,22,19/01/2004,Stains,"France, England",182,left,Nice,Attack - Right Winger,25,08/01/2024,30/06/2028,€12.00m,,,,,,,,
Tiago Gouveia,Tiago Maria Antunes Gouveia,24,18/06/2001,Cascais,Portugal,176,right,Nice,Attack - Right Winger,47,31/08/2025,30/06/2026,€4.00m,,,,,,,,
Elye Wahi,Sepe Elye Delmas Wahi,23,02/01/2003,Courcouronnes,"France, Cote d'Ivoire",184,right,Nice,Attack - Centre-Forward,11,01/01/2026,30/06/2026,€12.00m,,,,,,,,
Kevin Carlos,,24,10/04/2001,Ceuta,"Spain, Nigeria",186,right,Nice,Attack - Centre-Forward,90,18/08/2025,30/06/2030,€6.00m,,,,,,,,
Obed Nkambadio,,23,07/02/2003,Paris,"France, DR Congo",190,right,Paris FC,Goalkeeper,16,01/07/2023,30/06/2027,€6.00m,,,,,,,,
Kevin Trapp,Kevin Christian Trapp,35,08/07/1990,Merzig,Germany,189,right,Paris FC,Goalkeeper,35,19/08/2025,30/06/2028,€2.00m,,,,,,,,
Rémy Riou,,38,06/08/1987,Lyon,France,191,right,Paris FC,Goalkeeper,1,09/01/2024,30/06/2026,€100k,,,,,,,,
Otávio,,23,21/04/2002,São Paulo,Brazil,188,left,Paris FC,Defender - Centre-Back,6,23/07/2025,30/06/2030,€10.00m,,,,,,,,
Diego Coppola,,22,28/12/2003,Bussolengo,"Italy, Netherlands",193,right,Paris FC,Defender - Centre-Back,42,29/01/2026,30/06/2026,€10.00m,,,,,,,,
Moustapha Mbow,Mamadou Moustapha Mbow,25,08/03/2000,Dakar,Senegal,192,right,Paris FC,Defender - Centre-Back,5,20/07/2023,30/06/2028,€5.00m,,,,,,,,
Samir Chergui,"Samir Sophian Chergui , سمير سفيان شرقي",27,06/02/1999,Arpajon,"Algeria, France",185,right,Paris FC,Defender - Centre-Back,31,01/01/2021,-,€3.00m,,,,,,,,
Timothée Kolodziejczak,Timothée Christian Kolodziejczak,34,01/10/1991,Avion,"France, Poland",183,left,Paris FC,Defender - Centre-Back,15,06/09/2023,30/06/2026,€200k,,,,,,,,
Nhoa Sangui,Nhoa Ryan Sangui,19,27/02/2006,Creil,"France, Congo",178,left,Paris FC,Defender - Left-Back,19,01/07/2025,30/06/2030,€5.00m,,,,,,,,
Thibault De Smet,,27,05/06/1998,Brugge,Belgium,183,left,Paris FC,Defender - Left-Back,28,01/07/2025,30/06/2027,€2.00m,,,,,,,,
Tuomas Ollila,,25,25/04/2000,Helsinki,Finland,174,left,Paris FC,Defender - Left-Back,2,29/01/2024,30/06/2027,€500k,,,,,,,,
Hamari Traoré,,34,27/01/1992,Bamako,Mali,175,right,Paris FC,Defender - Right-Back,14,01/09/2025,30/06/2027,€1.80m,,,,,,,,
Sofiane Alakouch,سفيان علكوش,27,29/07/1998,Nîmes,"Morocco, France",175,right,Paris FC,Defender - Right-Back,22,01/07/2024,30/06/2026,€200k,,69,1,5,,,,
Maxime Lopez,Maxime Baila Lopez,28,04/12/1997,Marseille,"France, Algeria",167,right,Paris FC,Midfield - Defensive Midfield,21,29/08/2024,30/06/2027,€6.00m,,,,,,,,
Pierre Lees-Melou,,32,25/05/1993,Langon,France,185,right,Paris FC,Midfield - Defensive Midfield,33,28/08/2025,30/06/2027,€5.00m,,,,,,,,
Adama Camara,,29,18/10/1996,Bondy,"France, Mali",180,right,Paris FC,Midfield - Defensive Midfield,17,01/07/2023,30/06/2027,€2.50m,,,,,,,,
Marshall Munetsi,Marshall Nyasha Munetsi,29,22/06/1996,Harare,Zimbabwe,188,right,Paris FC,Midfield - Central Midfield,18,16/01/2026,30/06/2026,€12.00m,,,,,,,,
Rudy Matondo,Rudy Nzingoula Matondo,17,13/03/2008,Évry-Courcouronnes,"France, Congo",180,right,Paris FC,Midfield - Central Midfield,23,02/02/2026,-,€3.00m,,,,,,,,
Vincent Marchetti,,28,04/07/1997,Ajaccio,France,178,left,Paris FC,Midfield - Central Midfield,4,29/01/2024,30/06/2026,€2.00m,,,,,,,,
Moses Simon,Moses Daddy-Ajala Simon,30,12/07/1995,Jos,Nigeria,168,right,Paris FC,Attack - Left Winger,27,01/07/2025,30/06/2028,€7.00m,,,,,,,,
Alimami Gory,,29,30/08/1996,Le Havre,"France, Mali",182,right,Paris FC,Attack - Left Winger,7,09/07/2022,30/06/2026,€1.20m,,,,,,,,
Julien Lopez,Julien Yves Rémi Lopez Baila,33,01/03/1992,Marseille,"Algeria, France",173,right,Paris FC,Attack - Left Winger,20,01/07/2017,30/06/2026,€200k,,,,,,,,
Ilan Kebbal,Ilan Kais Kebbal,27,10/07/1998,Marseille,"Algeria, France",169,left,Paris FC,Attack - Right Winger,10,10/07/2023,30/06/2028,€12.00m,,,,,,,,
Jonathan Ikoné,Nanitamo Jonathan Ikoné,27,02/05/1998,Bondy,"France, DR Congo",175,left,Paris FC,Attack - Right Winger,93,01/09/2025,30/06/2027,€5.00m,,,,,,,,
Luca Koleosho,Luca Warrick Daeovie Koleosho,21,15/09/2004,"Norwalk, Connecticut","Italy, United States",175,right,Paris FC,Attack - Right Winger,24,09/01/2026,30/06/2026,€4.00m,,,,,,,,
Mathieu Cafaro,,28,25/03/1997,Saint-Doulchard,France,175,right,Paris FC,Attack - Right Winger,13,03/02/2025,30/06/2027,€2.00m,,,,,,,,
Lamine Gueye,Mamadou Lamine Gueye,27,13/03/1998,M'bour,Senegal,178,right,Paris FC,Attack - Right Winger,26,05/07/2023,30/06/2026,€250k,,,,,,,,
Willem Geubbels,Willem Davnis Louis Didier Geubbels,24,16/08/2001,Villeurbanne,"France, Netherlands",186,right,Paris FC,Attack - Centre-Forward,9,17/08/2025,30/06/2030,€7.00m,,,,,,,,
Jean-Philippe Krasso,,28,17/07/1997,Stuttgart,"Cote d'Ivoire, France",187,left,Paris FC,Attack - Centre-Forward,11,06/07/2024,30/06/2027,€4.00m,,,,,,,,
Ciro Immobile,,35,20/02/1990,Torre Annunziata,Italy,185,right,Paris FC,Attack - Centre-Forward,36,01/02/2026,30/06/2027,€2.00m,,,,,,,,
Pierre-Yves Hamel,,32,03/02/1994,Brest,France,189,right,Paris FC,Attack - Centre-Forward,29,01/07/2022,30/06/2026,€400k,,,,,,,,
Robin Risser,Robin Risser Birckel,21,02/12/2004,Colmar,France,193,right,Lens,Goalkeeper,40,04/07/2025,30/06/2030,€10.00m,,,,,,,,
Mathieu Gorgelin,,35,05/08/1990,Ambérieu-en-Bugey,France,187,left,Lens,Goalkeeper,16,19/01/2026,30/06/2026,€250k,,,,,,,,
Régis Gurtner,,39,08/12/1986,Saverne,France,182,right,Lens,Goalkeeper,1,07/07/2025,30/06/2026,€100k,,,,,,,,
Ilan Jourdren,Ilan Bertrand Jean-Charles Jourdren,17,17/07/2008,Montpellier,France,188,,Lens,Goalkeeper,60,01/07/2025,30/06/2029,,,,,,,,,
Samson Baidoo,,21,31/03/2004,Graz,"Austria, Ghana",190,right,Lens,Defender - Centre-Back,6,17/07/2025,30/06/2030,€12.00m,,,,,,,,
Malang Sarr,Malang Mamadou William Sarr,27,23/01/1999,Nice,"France, Senegal",183,left,Lens,Defender - Centre-Back,20,26/07/2024,30/06/2026,€10.00m,,,,,,,,
Jonathan Gradit,,33,24/11/1992,Talence,France,180,right,Lens,Defender - Centre-Back,24,20/08/2019,30/06/2028,€3.00m,,,,,,,,
Ismaëlo Ganiou,Pierre-Ismaëlo Ganiou,20,14/03/2005,Lille,"Burkina Faso, France",182,right,Lens,Defender - Centre-Back,25,01/07/2025,30/06/2027,€3.00m,,,,,,,,
Nidal Celik,Nidal Čelik,19,17/07/2006,Sarajevo,Bosnia-Herzegovina,192,right,Lens,Defender - Centre-Back,4,03/02/2025,30/06/2029,€1.00m,,,,,,,,
Kyllian Antonio,Kyllian Anderson Antonio,18,04/01/2008,Champigny-sur-Marne,France,183,right,Lens,Defender - Centre-Back,32,01/07/2025,-,€250k,,,,,,,,
Matthieu Udol,,29,20/03/1996,Metz,"France, Guadeloupe",178,left,Lens,Defender - Left-Back,14,15/07/2025,30/06/2028,€5.00m,,,,,,,,
Arthur Masuaku,Fuka-Arthur Masuaku Kawela,32,07/11/1993,Lille,"DR Congo, France",179,left,Lens,Defender - Left-Back,27,27/01/2026,30/06/2026,€2.50m,,,,,,,,
Ruben Aguilar,,32,26/04/1993,Grenoble,"France, Spain",172,right,Lens,Defender - Right-Back,2,01/09/2023,30/06/2028,€3.00m,,,,,,,,
Saud Abdulhamid,سعود عبدالحميد,26,18/07/1999,Jeddah,Saudi Arabia,175,right,Lens,Defender - Right-Back,23,03/08/2025,30/06/2026,€3.00m,,,,,,,,
Fodé Sylla,Fodé Sanassy Sylla,19,16/04/2006,Saint-Quentin,"France, Guinea",182,right,Lens,Midfield - Defensive Midfield,18,01/07/2025,30/06/2028,€1.00m,,,,,,,,
Mamadou Sangaré,,23,26/06/2002,Bamako,Mali,181,left,Lens,Midfield - Central Midfield,8,20/08/2025,30/06/2030,€15.00m,,,,,,,,
Amadou Haidara,,28,31/01/1998,Bamako,Mali,178,right,Lens,Midfield - Central Midfield,21,01/01/2026,30/06/2029,€6.00m,,,,,,,,
Adrien Thomasson,,32,10/12/1993,Bourg-Saint-Maurice,"France, Croatia",175,right,Lens,Midfield - Central Midfield,28,12/01/2023,30/06/2026,€4.50m,,,,,,,,
Andrija Bulatovic,Андрија Булатовић,19,27/12/2006,Kolašin,Montenegro,180,right,Lens,Midfield - Central Midfield,5,03/02/2025,30/06/2028,€1.80m,,,,,,,,
Alpha Diallo,,19,25/02/2006,Paris,"France, Guinea",179,right,Lens,Midfield - Attacking Midfield,31,01/07/2025,30/06/2027,,,19,3,503,,,,
Allan Saint-Maximin,Allan Irénée Saint-Maximin,28,12/03/1997,Châtenay-Malabry,"France, Guadeloupe",173,right,Lens,Attack - Left Winger,9,02/02/2026,30/06/2026,€10.00m,,,,,,,,
Abdallah Sima,Abdallah Dipo Sima,24,17/06/2001,Dakar,Senegal,188,right,Lens,Attack - Left Winger,19,29/08/2025,30/06/2029,€4.00m,,,,,,,,
Anthony Bermont,,21,10/02/2005,Beauvais,France,187,right,Lens,Attack - Left Winger,26,01/07/2024,30/06/2029,€1.00m,,,,,,,,
Florian Thauvin,Florian Tristan Mariano Thauvin,33,26/01/1993,Orléans,France,181,left,Lens,Attack - Right Winger,10,08/08/2025,30/06/2028,€5.00m,,,,,,,,
Odsonne Édouard,Odsonne Édouard,28,16/01/1998,Kourou,"France, Haiti",187,right,Lens,Attack - Centre-Forward,11,01/09/2025,30/06/2028,€8.00m,,,,,,,,
Rayan Fofana,,20,12/02/2006,Paris,"France, Cote d'Ivoire",180,right,Lens,Attack - Centre-Forward,38,01/07/2025,30/06/2029,€5.00m,,,,,,,,
Wesley Saïd,,30,19/04/1995,Noisy-le-Grand,"France, Comoros",171,right,Lens,Attack - Centre-Forward,22,01/07/2021,30/06/2026,€4.00m,,,,,,,,
Florian Sotoca,,35,25/10/1990,Narbonne,France,187,right,Lens,Attack - Centre-Forward,7,01/07/2019,30/06/2026,€1.50m,,,,,,,,
Guillaume Restes,Guillaume Lino Restes,20,11/03/2005,Toulouse,"France, Cote d'Ivoire",188,left,Toulouse,Goalkeeper,1,01/07/2023,30/06/2028,€20.00m,,,,,,,,
Kjetil Haug,Christian Kjetil Haug,27,12/06/1998,Fredrikstad,Norway,191,right,Toulouse,Goalkeeper,16,01/07/2022,30/06/2026,€500k,,,,,,,,
Álex Domínguez,Álex Domínguez Romero,27,30/07/1998,Granollers,Spain,187,left,Toulouse,Goalkeeper,30,26/07/2023,30/06/2027,€250k,,,,,,,,
Charlie Cresswell,Charlie Richard Cresswell,23,17/08/2002,Preston,England,190,right,Toulouse,Defender - Centre-Back,4,08/07/2024,30/06/2028,€15.00m,,,,,,,,
Mark McKenzie,Mark Alexander McKenzie,26,25/02/1999,"New York City, New York","United States, Jamaica",184,right,Toulouse,Defender - Centre-Back,3,16/08/2024,30/06/2027,€6.00m,,,,,,,,
Rasmus Nicolaisen,Rasmus Schmidt Nicolaisen,28,16/03/1997,Herning,Denmark,191,left,Toulouse,Defender - Centre-Back,2,17/08/2021,30/06/2027,€5.00m,,,,,,,,
Seny Koumbassa,,18,20/06/2007,Toulouse,"France, Guinea",194,right,Toulouse,Defender - Centre-Back,35,01/07/2025,30/06/2028,€100k,,,,,,,,
Dayann Methalie,,20,15/02/2006,Toulouse,"France, Martinique",188,left,Toulouse,Defender - Left-Back,24,01/07/2025,30/06/2030,€8.00m,,,,,,,,
Warren Kamanzi,Warren Håkon Christofer Kamanzi,25,11/11/2000,Namsos,Norway,177,right,Toulouse,Defender - Right-Back,12,02/01/2023,30/06/2026,€1.50m,,,,,,,,
Djibril Sidibé,,33,29/07/1992,Troyes,"France, Mali",183,right,Toulouse,Defender - Right-Back,19,02/08/2024,30/06/2026,€1.00m,,,,,,,,
Cristian Cásseres Jr.,Cristian Sleiker Cásseres Yépes,26,20/01/2000,Caracas,Venezuela,176,right,Toulouse,Midfield - Central Midfield,23,07/07/2023,30/06/2027,€7.00m,,,,,,,,
Pape Demba Diop,,22,04/09/2003,Ouakam,Senegal,182,right,Toulouse,Midfield - Central Midfield,18,07/01/2026,30/06/2026,€4.00m,,,,,,,,
Alexis Vossah,,17,11/03/2008,Alfortville,"France, Togo",181,both,Toulouse,Midfield - Central Midfield,45,01/07/2025,30/06/2028,€3.00m,,,,,,,,
Abu Francis,,24,27/04/2001,Accra,Ghana,182,right,Toulouse,Midfield - Central Midfield,17,06/08/2025,30/06/2029,€2.00m,,,,,,,,
Mario Sauer,Mário Sauer,21,15/05/2004,Bratislava,Slovakia,180,right,Toulouse,Midfield - Central Midfield,77,01/07/2025,-,€1.80m,,,,,,,,
Aron Dønnum,Aron Leonard Bizet Dønnum,27,20/04/1998,Eidsvoll,Norway,178,left,Toulouse,Midfield - Right Midfield,15,01/09/2023,30/06/2027,€5.00m,,,,,,,,
Rafik Messali,,22,28/04/2003,Toulouse,"Algeria, France",177,right,Toulouse,Midfield - Right Midfield,22,01/07/2024,30/06/2028,€800k,,,,,,,,
Yann Gboho,Yann-Alexandre Gboho Gnantin,25,14/01/2001,Man,"France, Cote d'Ivoire",178,right,Toulouse,Attack - Left Winger,10,08/01/2024,30/06/2027,€12.00m,,,,,,,,
Frank Magri,Frank Mario Magri,26,04/09/1999,Agen,"Cameroon, France",178,right,Toulouse,Attack - Centre-Forward,9,21/07/2023,30/06/2026,€4.00m,,,,,,,,
Emersonn,,21,16/07/2004,Cachoeiro de Itapemirim,Brazil,193,right,Toulouse,Attack - Centre-Forward,20,01/09/2025,-,€4.00m,,,,,,,,
Jacen Russell-Rowe,Jacen Rex Orlando Russell-Rowe,23,13/09/2002,"Toronto, Ontario","Canada, Jamaica",183,right,Toulouse,Attack - Centre-Forward,13,02/02/2026,30/06/2029,€3.50m,,,,,,,,
Santiago Hidalgo,Santiago Hidalgo Massa,20,17/02/2005,Santiago del Estero,"Argentina, Italy",174,left,Toulouse,Attack - Centre-Forward,11,31/07/2025,30/06/2029,€2.00m,,,,,,,,
Julián Vignolo,Julián Ariel Vignolo,19,07/12/2006,Arroyito,Argentina,185,right,Toulouse,Attack - Centre-Forward,7,20/08/2025,30/06/2029,€1.00m,,,,,,,,
Said Hamulic,Said Hamulić,25,12/11/2000,Leiderdorp,"Bosnia-Herzegovina, Netherlands",186,right,Toulouse,Attack - Centre-Forward,,24/01/2023,30/06/2027,€500k,,,,,,,,
Enzo Faty,,18,09/03/2007,Toulouse,"France, Senegal",189,right,Toulouse,Attack - Centre-Forward,21,01/07/2025,-,,,,,,,,,
Anthony Lopes,,35,01/10/1990,Givors,"Portugal, France",184,left,FC Nantes,Goalkeeper,1,01/01/2025,30/06/2026,€1.00m,,,,,,,,
Patrik Carlgren,Patrik Ulf Anders Carlgren,34,08/01/1992,Falun,Sweden,189,right,FC Nantes,Goalkeeper,30,30/08/2024,30/06/2026,€500k,,,,,,,,
Alexis Mirbach,,20,04/03/2005,Metz,France,192,right,FC Nantes,Goalkeeper,50,01/07/2025,30/06/2028,€50k,,,,,,,,
Tylel Tati,,18,19/01/2008,Champigny-sur-Marne,"France, Senegal",192,left,FC Nantes,Defender - Centre-Back,78,01/08/2025,30/06/2028,€12.00m,,,,,,,,
Abakar Sylla,Abakar Loubadhe Sylla,23,25/12/2002,Daloa,Cote d'Ivoire,188,left,FC Nantes,Defender - Centre-Back,4,02/02/2026,30/06/2026,€3.00m,,,,,,,,
Chidozie Awaziem,Chidozie Collins Awaziem,29,01/01/1997,Enugu,"Nigeria, Portugal",189,right,FC Nantes,Defender - Centre-Back,6,23/07/2025,30/06/2028,€3.00m,,,,,,,,
Ali Youssif,علي يوسف,24,09/07/2001,Benghazi,Libya,188,right,FC Nantes,Defender - Centre-Back,2,19/01/2026,30/06/2028,€800k,,,,,,,,
Uros Radakovic,Урош Радаковић,31,31/03/1994,Belgrade,Serbia,194,right,FC Nantes,Defender - Centre-Back,26,01/07/2025,30/06/2027,€500k,,,,,,,,
Sékou Doucouré,,20,26/04/2005,Créteil,"Mali, France",187,right,FC Nantes,Defender - Centre-Back,72,01/07/2025,30/06/2027,€50k,,,,,,,,
Nicolas Cozza,Nicolas Louis Marcel Cozza,27,08/01/1999,Ganges,"France, Italy",178,left,FC Nantes,Defender - Left-Back,3,28/08/2024,30/06/2026,€3.00m,,,,,,,,
Deiver Machado,Deiver Andrés Machado Mena,32,02/09/1993,Tadó,Colombia,180,left,FC Nantes,Defender - Left-Back,27,08/12/2025,30/06/2028,€2.50m,,,,,,,,
Kelvin Amian,Kelvin Amian Adou,28,08/02/1998,Toulouse,"France, Cote d'Ivoire",180,right,FC Nantes,Defender - Right-Back,98,25/01/2024,30/06/2028,€2.50m,,,,,,,,
Fabien Centonze,,30,16/01/1996,Voiron,France,182,right,FC Nantes,Defender - Right-Back,18,22/09/2022,30/06/2027,€1.20m,,,,,,,,
Frédéric Guilbert,,31,24/12/1994,Valognes,France,178,right,FC Nantes,Defender - Right-Back,24,28/01/2026,30/06/2026,€800k,,225,5,15,,,,
Johann Lepenant,,23,22/10/2002,Granville,France,176,right,FC Nantes,Midfield - Defensive Midfield,8,01/07/2025,30/06/2029,€7.00m,,,,,,,,
Ibrahima Sissoko,,28,27/10/1997,Meaux,"Mali, France",193,right,FC Nantes,Midfield - Defensive Midfield,28,12/01/2026,30/06/2028,€3.00m,,,,,,,,
Francis Coquelin,,34,13/05/1991,Laval,"France, Réunion",177,right,FC Nantes,Midfield - Defensive Midfield,13,31/01/2025,30/06/2026,€800k,,,,,,,,
Bahmed Deuff,,19,10/03/2006,Nouakchott,"France, Mauritania",194,right,FC Nantes,Midfield - Defensive Midfield,52,08/07/2025,30/06/2029,€300k,,,,,,,,
Dehmaine Tabibou,Dehmaine Tabibou Assoumani,20,17/04/2005,Drancy,"France, Comoros",183,left,FC Nantes,Midfield - Central Midfield,17,01/07/2024,30/06/2030,€2.00m,,,,,,,,
Mohamed Kaba,Mohamed Kaba Dramé,24,27/10/2001,Orléans,"France, Guinea",185,right,FC Nantes,Midfield - Central Midfield,21,29/01/2026,30/06/2026,€1.50m,,,,,,,,
Louis Leroux,,20,23/01/2006,Le Longeron,France,184,left,FC Nantes,Midfield - Attacking Midfield,66,01/07/2024,30/06/2030,€9.00m,,,,,,,,
Rémy Cabella,Rémy Joseph Cabella,35,08/03/1990,Ajaccio,"France, Italy",172,right,FC Nantes,Midfield - Attacking Midfield,20,01/01/2026,30/06/2026,€1.50m,,,,,,,,
Herba Guirassy,Bahereba Guirassy,19,29/08/2006,Angers,"France, Guinea",186,right,FC Nantes,Attack - Left Winger,11,01/07/2024,30/06/2028,€6.00m,,,,,,,,
Matthis Abline,,22,28/03/2003,Angers,France,182,right,FC Nantes,Attack - Centre-Forward,10,03/07/2024,30/06/2028,€20.00m,,,,,,,,
Mostafa Mohamed,مصطفى محمد,28,28/11/1997,Giza,Egypt,185,right,FC Nantes,Attack - Centre-Forward,31,01/07/2023,30/06/2027,€4.00m,,,,,,,,
Ignatius Ganago,Ignatius Kpene Ganago,26,16/02/1999,Douala,"Cameroon, Nigeria",176,right,FC Nantes,Attack - Centre-Forward,37,01/09/2022,30/06/2027,€2.00m,,,,,,,,
Amady Camara,,20,28/05/2005,Bamako,Mali,180,left,FC Nantes,Attack - Centre-Forward,14,09/08/2025,30/06/2026,€1.20m,,,,,,,,
Youssef El Arabi,يوسف العربي,39,03/02/1987,Caen,"Morocco, France",183,right,FC Nantes,Attack - Centre-Forward,19,18/07/2025,30/06/2026,€150k,,,,,,,,
Radoslaw Majecki,Radosław Majecki,26,16/11/1999,Starachowice,Poland,193,right,Stade Brestois,Goalkeeper,1,09/08/2025,30/06/2026,€4.00m,,,,,,,,
Grégoire Coudert,,26,03/04/1999,Rodez,France,192,left,Stade Brestois,Goalkeeper,30,05/07/2021,30/06/2027,€800k,,,,,,,,
Noah Jauny,,21,26/08/2004,Dublin,Ireland,194,right,Stade Brestois,Goalkeeper,50,01/07/2024,30/06/2027,,,,,,,,,
Soumaïla Coulibaly,,22,14/10/2003,Montfermeil,"France, Mali",191,left,Stade Brestois,Defender - Centre-Back,44,04/10/2025,30/06/2026,€7.00m,,,,,,,,
Junior Diaz,Michel Junior Diaz,22,23/07/2003,Saint-Herblain,"Cote d'Ivoire, France",193,right,Stade Brestois,Defender - Centre-Back,4,13/07/2025,30/06/2026,€5.00m,,,,,,,,
Brendan Chardonnet,,31,22/12/1994,Saint-Renan,France,181,right,Stade Brestois,Defender - Centre-Back,5,01/07/2013,30/06/2027,€5.00m,,,,,,,,
Raphaël Le Guen,,19,01/09/2006,,France,196,right,Stade Brestois,Defender - Centre-Back,71,21/01/2026,30/06/2029,€50k,,,,,,,,
Bradley Locko,Bradley Locko Banzouzi,23,06/05/2002,Ivry-sur-Seine,"France, Congo",180,left,Stade Brestois,Defender - Left-Back,2,27/07/2023,30/06/2027,€7.00m,,,,,,,,
Daouda Guindo,,23,14/10/2002,Bamako,Mali,183,left,Stade Brestois,Defender - Left-Back,27,26/08/2025,30/06/2026,€2.00m,,,,,,,,
Luck Zogbé,Tolikpaley Luck Evrad Zogbé,20,24/03/2005,Vieil Ousrou,Cote d'Ivoire,178,right,Stade Brestois,Defender - Right-Back,12,26/10/2023,30/06/2029,€2.00m,,,,,,,,
Kenny Lala,,34,03/10/1991,Villepinte,"France, Martinique",178,right,Stade Brestois,Defender - Right-Back,77,01/01/2023,30/06/2027,€1.80m,,,,,,,,
Joris Chotard,,24,24/09/2001,Orange,France,179,right,Stade Brestois,Midfield - Defensive Midfield,13,23/08/2025,30/06/2029,€6.00m,,,,,,,,
Hamidou Makalou,,19,15/07/2006,Bamako,Mali,164,right,Stade Brestois,Midfield - Defensive Midfield,33,15/03/2025,30/06/2029,€800k,,,,,,,,
Hugo Magnetti,,27,30/05/1998,Marseille,France,180,right,Stade Brestois,Midfield - Central Midfield,8,01/07/2018,30/06/2027,€6.00m,,,,,,,,
Lucas Tousart,,28,29/04/1997,Arras,France,184,right,Stade Brestois,Midfield - Central Midfield,24,01/09/2025,30/06/2027,€2.00m,,,,,,,,
Junior Dina Ebimbe,Éric Junior Dina Ebimbe,25,21/11/2000,Stains,"Cameroon, France",184,right,Stade Brestois,Midfield - Right Midfield,7,01/09/2025,30/06/2026,€6.00m,,,,,,,,
Kamory Doumbia,,22,18/02/2003,Bamako,Mali,170,right,Stade Brestois,Midfield - Attacking Midfield,23,30/08/2024,30/06/2029,€7.00m,,,,,,,,
Pathé Mboup,,22,19/10/2003,Mbao,Senegal,175,right,Stade Brestois,Attack - Left Winger,99,31/08/2025,30/06/2030,€3.00m,,,,,,,,
Romain Del Castillo,,29,29/03/1996,Lyon,"France, Spain",172,left,Stade Brestois,Attack - Right Winger,10,31/08/2021,30/06/2027,€7.00m,,,,,,,,
Mama Baldé,Mama Samba Baldé,30,06/11/1995,Bissau,"Guinea-Bissau, Portugal",176,right,Stade Brestois,Attack - Centre-Forward,17,30/08/2024,30/06/2027,€3.50m,,,,,,,,
Ludovic Ajorque,,31,25/02/1994,Saint-Joseph,"France, Réunion",196,left,Stade Brestois,Attack - Centre-Forward,19,01/07/2025,30/06/2027,€3.50m,,,,,,,,
Rémy Labeau Lascary,,22,03/03/2003,Les Abymes,"France, Guadeloupe",184,right,Stade Brestois,Attack - Centre-Forward,14,31/08/2025,30/06/2026,€1.80m,,,,,,,,
Saliou Diop,Serigne Saliou Diop,20,12/05/2005,,Senegal,187,right,Stade Brestois,Attack - Centre-Forward,29,01/07/2025,30/06/2026,€50k,,,,,,,,
Yvon Mvogo,Yvon Landry Mvogo Nganoma,31,06/06/1994,Yaounde,"Switzerland, Cameroon",190,right,FC Lorient,Goalkeeper,38,13/07/2022,30/06/2027,€3.00m,,,,,,,,
Bingourou Kamara,,29,21/10/1996,Longjumeau,"Senegal, France",195,right,FC Lorient,Goalkeeper,21,25/07/2025,30/06/2027,€700k,,,,,,,,
Benjamin Leroy,,36,07/04/1989,Cucq,France,184,right,FC Lorient,Goalkeeper,1,05/07/2024,30/06/2026,€100k,,,,,,,,
Montassar Talbi,منتصر الطالبي,27,26/05/1998,Paris,"Tunisia, France",190,right,FC Lorient,Defender - Centre-Back,3,18/07/2022,30/06/2027,€7.00m,,,,,,,,
Bamo Meïté,Bamo Abdoul Meïté,24,03/12/2001,Kani,"Cote d'Ivoire, France",184,right,FC Lorient,Defender - Centre-Back,5,01/09/2025,30/06/2026,€4.00m,,,,,,,,
Abdoulaye Faye,,21,22/09/2004,Kaolack,Senegal,191,left,FC Lorient,Defender - Centre-Back,25,29/07/2025,30/06/2026,€3.00m,,,,,,,,
Isaak Touré,Souleymane Isaak Touré,22,28/03/2003,Gonesse,"France, Cote d'Ivoire",206,left,FC Lorient,Defender - Centre-Back,95,01/09/2023,30/06/2028,€2.50m,,,,,,,,
Nathaniel Adjei,,23,21/08/2002,Teshie,Ghana,191,right,FC Lorient,Defender - Centre-Back,32,01/07/2024,30/06/2026,€1.20m,,,,,,,,
Arsène Kouassi,Arsène Kan Guy Kouassi,21,11/09/2004,Cocody,"Burkina Faso, Cote d'Ivoire",178,left,FC Lorient,Defender - Left-Back,43,24/07/2025,30/06/2029,€7.00m,,,,,,,,
Darlin Yongwa,Darlin Zidane Yongwa Ngameni,25,22/09/2000,Douala,Cameroon,177,left,FC Lorient,Defender - Left-Back,44,01/07/2022,30/06/2026,€4.00m,,,,,,,,
Igor Silva,Igor Silva de Almeida,29,21/08/1996,Niterói,Brazil,173,right,FC Lorient,Defender - Right-Back,2,23/07/2021,30/06/2026,€1.00m,,,,,,,,
Laurent Abergel,,33,01/02/1993,Marseille,France,170,right,FC Lorient,Midfield - Defensive Midfield,6,26/07/2019,30/06/2029,€2.00m,,,,,,,,
Arthur Avom,Arthur Avom Ebong,21,15/12/2004,Yaoundé,Cameroon,173,right,FC Lorient,Midfield - Central Midfield,62,01/07/2024,30/06/2026,€9.00m,,,,,,,,
Noah Cadiou,,27,26/10/1998,Lille,"Guadeloupe, France",191,right,FC Lorient,Midfield - Central Midfield,8,04/07/2025,30/06/2029,€1.00m,,,,,,,,
Théo Le Bris,,23,01/10/2002,Rennes,France,170,right,FC Lorient,Midfield - Right Midfield,11,01/07/2022,30/06/2027,€2.00m,,,,,,,,
Panos Katseris,Πάνος Κατσέρης,24,05/07/2001,Athens,Greece,187,right,FC Lorient,Midfield - Right Midfield,77,23/01/2024,30/06/2028,€2.00m,,,,,,,,
Dermane Karim,,22,26/12/2003,Sokodé,Togo,178,right,FC Lorient,Midfield - Attacking Midfield,29,09/08/2025,30/06/2026,€3.00m,,,,,,,,
Jean-Victor Makengo,,27,12/06/1998,Étampes,"France, DR Congo",177,left,FC Lorient,Midfield - Attacking Midfield,17,30/01/2023,30/06/2027,€2.50m,,,,,,,,
Bandiougou Fadiga,,25,15/01/2001,Paris,"France, Mali",178,right,FC Lorient,Midfield - Attacking Midfield,7,14/08/2024,30/06/2028,€250k,,,,,,,,
Pablo Pagis,,23,29/12/2002,Montbéliard,France,180,both,FC Lorient,Attack - Left Winger,10,01/07/2022,30/06/2027,€5.00m,,,,,,,,
Trevan Sanusi,,18,25/04/2007,,"England, Nigeria",178,right,FC Lorient,Attack - Left Winger,14,01/09/2025,30/06/2026,€500k,,,,,,,,
Sambou Soumano,,25,03/01/2001,Dakar,Senegal,182,right,FC Lorient,Attack - Centre-Forward,28,01/01/2022,30/06/2026,€4.00m,,,,,,,,
Mohamed Bamba,,24,10/12/2001,Bouaké,"Cote d'Ivoire, Guinea",185,right,FC Lorient,Attack - Centre-Forward,9,26/01/2024,30/06/2028,€2.50m,,,,,,,,
Aiyegun Tosin,Oluwatosin Aiyegun,27,26/06/1998,Lagos,"Benin, Nigeria",179,right,FC Lorient,Attack - Centre-Forward,15,25/07/2023,30/06/2027,€2.00m,,,,,,,,
Bamba Dieng,Cheikh Ahmadou Bamba Mbacké Dieng,25,23/03/2000,Pikine,Senegal,178,right,FC Lorient,Attack - Centre-Forward,12,27/01/2023,30/06/2026,€1.80m,,,,,,,,
Donovan Léon,Donovan René Léon,33,03/11/1992,Cayenne,"French Guiana, France",187,right,AJ Auxerre,Goalkeeper,16,01/07/2020,30/06/2027,€900k,,,,,,,,
Théo De Percin,Théo Franck Mathias De Percin,25,02/02/2001,Tarbes,"France, Martinique",185,right,AJ Auxerre,Goalkeeper,40,17/03/2021,30/06/2028,€300k,,,,,,,,
Tom Negrel,,22,13/04/2003,Nîmes,France,192,right,AJ Auxerre,Goalkeeper,30,10/07/2024,30/06/2026,€50k,,,,,,,,
Louis Mezerette,,19,30/08/2006,Le Mans,France,,right,AJ Auxerre B,Goalkeeper,,01/07/2025,30/06/2028,,,,,,,,,
Clément Akpa,,24,24/11/2001,Meudon,"Cote d'Ivoire, France",181,left,AJ Auxerre,Defender - Centre-Back,92,01/07/2022,30/06/2028,€8.00m,,,,,,,,
Sinaly Diomandé,,24,09/04/2001,Yopougon,Cote d'Ivoire,184,right,AJ Auxerre,Defender - Centre-Back,20,30/08/2024,30/06/2027,€4.00m,,,,,,,,
Francisco Sierralta,Francisco Andrés Sierralta Carvallo,28,06/05/1997,Las Condes,"Chile, Spain",192,right,AJ Auxerre,Defender - Centre-Back,4,01/07/2025,30/06/2029,€1.50m,,,,,,,,
Bryan Okoh,Bryan Ikemefuna Okoh,22,16/05/2003,"Houston, Texas","Switzerland, United States",191,left,AJ Auxerre,Defender - Centre-Back,24,29/01/2026,30/06/2029,€1.20m,,,,,,,,
Telli Siwe,,21,14/12/2004,Saint-Maurice,"France, Cameroon",,right,AJ Auxerre,Defender - Centre-Back,13,01/07/2025,30/06/2029,€1.00m,,,,,,,,
Elikya Legros,,17,06/06/2008,Rouen,"France, DR Congo",,right,AJ Auxerre B,Defender - Centre-Back,,01/07/2025,30/06/2028,,,,,,,,,
Alvin Petit Dol,,19,07/11/2006,Paris,"France, Haiti",193,right,AJ Auxerre B,Defender - Centre-Back,,01/07/2025,-,,,,,,,,,
Gideon Mensah,,27,18/07/1998,Accra,Ghana,178,left,AJ Auxerre,Defender - Left-Back,14,13/08/2022,30/06/2026,€3.50m,,,,,,,,
Fredrik Oppegård,,23,07/08/2002,Oslo,Norway,175,left,AJ Auxerre,Defender - Left-Back,22,29/01/2025,30/06/2028,€600k,,,,,,,,
Marvin Senaya,,25,28/01/2001,Saint-Maurice,"France, Togo",181,right,AJ Auxerre,Defender - Right-Back,29,01/07/2025,30/06/2029,€3.00m,,,,,,,,
Lamine Sy,,23,10/08/2002,Les Mureaux,"France, Senegal",171,right,AJ Auxerre,Defender - Right-Back,27,01/07/2025,30/06/2029,€800k,,,,,,,,
Elisha Owusu,,28,07/11/1997,Montreuil,"Ghana, France",182,right,AJ Auxerre,Midfield - Defensive Midfield,42,16/01/2023,30/06/2027,€3.50m,,,,,,,,
Oussama El Azzouzi,أسامة العزوزي,24,29/05/2001,Veenendaal,"Morocco, Netherlands",189,right,AJ Auxerre,Midfield - Defensive Midfield,17,01/08/2025,30/06/2026,€1.80m,,,,,,,,
Assane Dioussé,Assane Dioussé El Hadji,28,20/09/1997,Dakar,Senegal,175,left,AJ Auxerre,Midfield - Defensive Midfield,18,10/08/2023,30/06/2026,€600k,,,,,,,,
Nathan Buayi-Kiala,,21,29/02/2004,Lille,"France, DR Congo",177,right,AJ Auxerre,Midfield - Defensive Midfield,,01/07/2024,30/06/2026,€100k,,16,,,,,,
Kévin Danois,,21,28/06/2004,Basse-Terre,"France, Guadeloupe",183,right,AJ Auxerre,Midfield - Central Midfield,5,01/07/2022,30/06/2029,€10.00m,,,,,,,,
Naouirou Ahamada,Naouirou Mohamed Ahamada,23,29/03/2002,Marseille,"France, Comoros",183,right,AJ Auxerre,Midfield - Central Midfield,8,07/01/2026,30/06/2027,€3.50m,,,,,,,,
Tidiane Devernois,,18,18/10/2007,Évry-Courcouronnes,"France, Senegal",187,right,AJ Auxerre B,Midfield - Central Midfield,,01/07/2024,30/06/2028,€50k,,,,,,,,
Romain Faivre,,27,14/07/1998,Asnières-sur-Seine,"France, Algeria",180,left,AJ Auxerre,Midfield - Attacking Midfield,28,15/01/2026,30/06/2026,€5.00m,,,,,,,,
Danny Namaso,,25,28/08/2000,Reading,"Cameroon, England",182,right,AJ Auxerre,Attack - Left Winger,19,17/08/2025,30/06/2026,€5.00m,,,,,,,,
Josué Casimir,,24,24/09/2001,Baie-Mahault,"Haiti, Guadeloupe",178,right,AJ Auxerre,Attack - Right Winger,7,01/07/2025,30/06/2028,€3.50m,,,,,,,,
Lasso Coulibaly,,23,19/10/2002,Bouaké,Cote d'Ivoire,176,right,AJ Auxerre,Attack - Right Winger,21,01/07/2024,30/06/2028,€900k,,,,,,,,
Lassine Sinayoko,,26,08/12/1999,Bamako,"Mali, France",186,right,AJ Auxerre,Attack - Centre-Forward,10,01/07/2019,30/06/2027,€7.00m,,,,,,,,
Sékou Mara,,23,30/07/2002,Paris,"France, Senegal",183,right,AJ Auxerre,Attack - Centre-Forward,9,05/09/2025,30/06/2026,€4.00m,,,,,,,,
Ryan Rodin,,19,02/03/2006,Bourg-la-Reine,"France, Martinique",194,right,AJ Auxerre B,Attack - Centre-Forward,,01/01/2025,30/06/2028,€50k,,,,,,,,
Mory Diaw,,32,22/06/1993,Poissy,"Senegal, France",197,right,Le Havre AC,Goalkeeper,99,12/07/2025,30/06/2027,€1.00m,,,,,,,,
Lionel Mpasi-Nzau,Lionel M'Pasi N'Zau,31,01/08/1994,Meaux,"DR Congo, France",182,right,Le Havre AC,Goalkeeper,77,13/07/2025,30/06/2027,€400k,,,,,,,,
Paul Argney,Paul Antoine Robin Stanislas Argney,19,23/05/2006,Granville,France,186,right,Le Havre AC,Goalkeeper,50,01/07/2024,30/06/2027,€50k,,,,,,,,
Arouna Sangante,,23,12/04/2002,Mbao,"Senegal, Guinea-Bissau",189,right,Le Havre AC,Defender - Centre-Back,93,01/07/2021,30/06/2026,€8.00m,,,,,,,,
Gautier Lloris,,30,18/07/1995,Nice,France,191,left,Le Havre AC,Defender - Centre-Back,4,12/07/2022,30/06/2026,€3.00m,,,,,,,,
Étienne Youté Kinkoué,Étienne Ludovic Youté Kinkoué,24,14/01/2002,Lyon,"France, Cameroon",196,right,Le Havre AC,Defender - Centre-Back,6,11/01/2023,30/06/2026,€3.00m,,,,,,,,
Stephan Zagadou,,17,24/10/2008,Créteil,"France, Cote d'Ivoire",186,right,Le Havre AC,Defender - Centre-Back,29,01/07/2025,-,€100k,,,,,,,,
Yanis Zouaoui,,27,28/04/1998,Marseille,"France, Algeria",183,left,Le Havre AC,Defender - Left-Back,18,05/07/2024,30/06/2027,€1.80m,,,,,,,,
Fodé Doucouré,,25,03/02/2001,Bamako,Mali,172,right,Le Havre AC,Defender - Right-Back,13,22/07/2025,30/06/2027,€2.00m,,,,,,,,
Timothée Pembélé,Timothée Joseph Pembélé,23,09/09/2002,Beaumont-sur-Oise,"France, DR Congo",183,right,Le Havre AC,Defender - Right-Back,32,06/01/2026,30/06/2026,€2.00m,,,,,,,,
Loïc Nego,,35,15/01/1991,Paris,"Hungary, France",181,right,Le Havre AC,Defender - Right-Back,7,01/07/2023,30/06/2026,€600k,,,,,,,,
Lucas Gourna-Douath,,22,05/08/2003,Villeneuve-Saint-Georges,"France, Central African Republic",185,right,Le Havre AC,Midfield - Defensive Midfield,19,16/01/2026,30/06/2026,€4.00m,,,,,,,,
Ayumu Seko,瀬古 歩夢,25,07/06/2000,"Osaka, Osaka",Japan,186,right,Le Havre AC,Midfield - Defensive Midfield,15,22/07/2025,30/06/2027,€3.00m,,,,,,,,
Abdoulaye Touré,,31,03/03/1994,Nantes,"Guinea, France",188,right,Le Havre AC,Midfield - Defensive Midfield,94,26/07/2023,30/06/2026,€3.00m,,,,,,,,
Daren Mosengo,Daren Nbenbege Mosengo,19,11/08/2006,Rennes,"France, DR Congo",188,right,Le Havre AC,Midfield - Defensive Midfield,78,01/07/2025,-,€50k,,,,,,,,
Yassine Kechta,ياسين قشطة,23,25/02/2002,Paris,"Morocco, France",174,left,Le Havre AC,Midfield - Central Midfield,8,01/07/2022,30/06/2026,€5.00m,,,,,,,,
Rassoul Ndiaye,Rassoul Nader Ndiaye,24,11/12/2001,Besançon,"Senegal, France",179,right,Le Havre AC,Midfield - Central Midfield,14,17/07/2023,30/06/2028,€5.00m,,,,,,,,
Simon Ebonog,,21,16/08/2004,Yaoundé,"France, Cameroon",180,right,Le Havre AC,Midfield - Central Midfield,26,01/07/2024,30/06/2029,€1.00m,,,,,,,,
Guy-Noël Zohouri,Guy-Noël Prince Zohouri,19,01/02/2007,Saint-Maurice,"Cote d'Ivoire, France",188,right,Le Havre AC,Midfield - Central Midfield,24,01/07/2025,30/06/2027,,,,,,,,,
Sofiane Boufal,سفيان بوفال,32,17/09/1993,Paris,"Morocco, France",175,right,Le Havre AC,Midfield - Attacking Midfield,17,14/01/2026,30/06/2026,€2.00m,,,,,,,,
Reda Khadra,Reda Jousef Khadra,24,04/07/2001,Berlin,"Germany, Lebanon",175,right,Le Havre AC,Midfield - Attacking Midfield,30,01/09/2025,30/06/2026,€1.80m,,,,,,,,
Issa Soumaré,,25,10/10/2000,Podor,"Senegal, Mauritania",184,right,Le Havre AC,Attack - Left Winger,45,04/07/2023,30/06/2026,€5.00m,,,,,,,,
Felix Mambimbi,Felix Khonde Mambimbi,25,18/01/2001,Fribourg,"Switzerland, DR Congo",171,right,Le Havre AC,Attack - Left Winger,10,11/07/2025,30/06/2027,€600k,,,,,,,,
Godson Kyeremeh,,25,14/06/2000,Melun,"France, Ghana",177,right,Le Havre AC,Attack - Right Winger,11,11/07/2025,30/06/2027,€800k,,,,,,,,
Ally Samatta,Mbwana Ally Samatta,33,23/12/1992,Dar es Salam,Tanzania,183,right,Le Havre AC,Attack - Centre-Forward,25,05/08/2025,30/06/2026,€800k,,,,,,,,
Noam Obougou,Noam Obougou Jacquet,19,15/03/2006,Besançon,"France, Cameroon",,,Le Havre AC,Attack - Centre-Forward,20,14/01/2026,-,€150k,,,,,,,,
Kenny Quetant,,19,17/07/2006,Paris,France,189,right,Le Havre AC,Attack - Centre-Forward,33,01/01/2026,30/06/2026,€150k,,,,,,,,
Jonathan Fischer,Jonathan Frost Fischer,24,09/11/2001,,Denmark,198,left,FC Metz,Goalkeeper,1,29/07/2025,30/06/2029,€3.00m,,,,,,,,
Pape Sy,Pape Mamadou Sy,28,02/05/1997,Louga,Senegal,206,right,FC Metz,Goalkeeper,61,26/07/2024,30/06/2026,€300k,,,,,,,,
Ousmane Ba,,23,06/06/2002,Rufisque,Senegal,187,right,FC Metz,Goalkeeper,40,10/09/2025,30/06/2027,€100k,,,,,,,,
Sadibou Sané,,21,10/06/2004,Diouloulou,Senegal,182,right,FC Metz,Defender - Centre-Back,38,22/07/2023,30/06/2027,€4.00m,,,,,,,,
Terry Yegbe,,25,25/01/2001,Akatsi,Ghana,195,left,FC Metz,Defender - Centre-Back,15,30/08/2025,30/06/2029,€3.00m,,,,,,,,
Jean-Philippe Gbamin,,30,25/09/1995,San-Pédro,"Cote d'Ivoire, France",186,right,FC Metz,Defender - Centre-Back,5,15/07/2025,30/06/2026,€2.00m,,,,,,,,
Michel Mboula,Urie-Michel Mboula,22,30/04/2003,Libreville,Gabon,185,left,FC Metz,Defender - Centre-Back,4,01/07/2025,30/06/2028,€1.00m,,,,,,,,
Fodé Ballo-Touré,Fodé Ballo-Touré,29,03/01/1997,Conflans-Sainte-Honorine,"Senegal, France",182,left,FC Metz,Defender - Left-Back,97,03/09/2025,30/06/2026,€1.00m,,,,,,,,
Yannis Lawson,,21,22/11/2004,,Belgium,179,left,FC Metz,Defender - Left-Back,27,03/07/2025,30/06/2028,€250k,,,,,,,,
Koffi Kouao,Koffi Franck Kouao,27,20/05/1998,Abidjan,Cote d'Ivoire,173,right,FC Metz,Defender - Right-Back,39,12/08/2022,30/06/2026,€2.50m,,,,,,,,
Bouna Sarr,Bouna Junior Sarr,34,31/01/1992,Lyon,"Senegal, France",178,right,FC Metz,Defender - Right-Back,70,02/02/2026,30/06/2026,€400k,,,,,,,,
Maxime Colin,Maxime Jean-Yves Colin,34,15/11/1991,Arras,France,180,right,FC Metz,Defender - Right-Back,2,27/07/2023,30/06/2027,€300k,,,,,,,,
Cléo Mélières,,20,13/04/2005,Besançon,France,,right,FC Metz,Defender - Right-Back,25,01/07/2025,30/06/2026,€100k,,,,,,,,
Boubacar Traoré,,24,20/08/2001,Bamako,Mali,183,right,FC Metz,Midfield - Defensive Midfield,8,24/07/2025,30/06/2026,€5.00m,,,,,,,,
Alpha Touré,Alpha Amadou Touré,20,25/01/2006,Kaolack,Senegal,180,left,FC Metz,Midfield - Defensive Midfield,12,12/07/2024,30/06/2028,€2.00m,,,,,,,,
Benjamin Stambouli,Benjamin Fernand Lucien Francois Stambouli,35,13/08/1990,Marseille,"France, Algeria",180,right,FC Metz,Midfield - Defensive Midfield,21,10/09/2024,30/06/2026,€300k,,,,,,,,
Jessy Deminguet,,28,07/01/1998,Lisieux,France,178,left,FC Metz,Midfield - Central Midfield,20,01/07/2025,30/06/2028,€2.50m,,,,,,,,
Ismaël Guerti,إسماعيل غيرتي,21,30/07/2004,Argenteuil,"Morocco, France",178,right,FC Metz,Midfield - Attacking Midfield,29,01/07/2025,30/06/2027,€100k,,,,,,,,
Lucas Michal,,20,22/06/2005,Bourg-la-Reine,"France, Martinique",185,right,FC Metz,Attack - Left Winger,19,02/02/2026,30/06/2026,€2.50m,,,,,,,,
Giorgi Abuashvili,გიორგი აბუაშვილი,23,08/02/2003,Tiflis,Georgia,175,right,FC Metz,Attack - Left Winger,9,17/07/2025,30/06/2026,€1.20m,,,,,,,,
Gauthier Hein,,29,07/08/1996,Thionville,France,170,left,FC Metz,Attack - Right Winger,10,15/08/2024,30/06/2028,€5.00m,,,,,,,,
Giorgi Tsitaishvili,გიორგი წიტაიშვილი,25,18/11/2000,Rischon LeZion,"Georgia, Ukraine",171,left,FC Metz,Attack - Right Winger,7,11/07/2025,30/06/2026,€2.50m,,,,,,,,
Joel Asoro,Joel Joshoghene Asoro,26,27/04/1999,Haninge,"Sweden, Nigeria",176,right,FC Metz,Attack - Right Winger,99,24/08/2023,30/06/2027,€900k,,,,,,,,
Habib Diallo,Habibou Mouhamadou Diallo,30,18/06/1995,Thiès,"Senegal, France",186,right,FC Metz,Attack - Centre-Forward,30,31/08/2025,30/06/2028,€5.00m,,,,,,,,
Giorgi Kvilitaia,გიორგი ქვილითაია,32,01/10/1993,Abasha,Georgia,193,right,FC Metz,Attack - Centre-Forward,11,02/02/2026,30/06/2026,€1.00m,,,,,,,,
Joseph Mangondo,Lima Joseph Mangondo,20,06/08/2005,Villeneuve-Saint-Georges,"France, Cameroon",185,left,FC Metz,Attack - Centre-Forward,17,01/07/2025,30/06/2028,€50k,,15,9,2,,,,
Hervé Koffi,Hervé Koffi Kouakou,29,16/10/1996,Bobo-Dioulasso,"Burkina Faso, Cote d'Ivoire",184,right,Angers SCO,Goalkeeper,12,01/07/2025,30/06/2026,€3.00m,,,,,,,,
Melvin Zinga,,23,16/03/2002,Montivilliers,France,187,left,Angers SCO,Goalkeeper,16,01/07/2022,30/06/2026,€300k,,,,,,,,
Oumar Pona,Oumar Kalifa Pona,19,21/06/2006,Bondy,"Mali, France",189,right,Angers SCO,Goalkeeper,40,01/07/2025,30/06/2027,€100k,,,,,,,,
Ousmane Camara,,22,06/03/2003,Paris,"Mali, France",197,right,Angers SCO,Defender - Centre-Back,4,16/08/2022,30/06/2029,€4.00m,,,,,,,,
Emmanuel Biumla,Emmanuel Bahiya Biumla,20,08/05/2005,Yopougon,"France, Cameroon",185,right,Angers SCO,Defender - Centre-Back,24,31/07/2024,30/06/2028,€3.00m,,,,,,,,
Jordan Lefort,,32,09/08/1993,Champigny-sur-Marne,France,184,left,Angers SCO,Defender - Centre-Back,21,01/07/2023,30/06/2029,€1.20m,,,,,,,,
Abdoulaye Bamba,,35,25/04/1990,Abidjan,"Cote d'Ivoire, Italy",182,right,Angers SCO,Defender - Centre-Back,25,01/01/2017,30/06/2026,€250k,,,,,,,,
Jacques Ekomié,,22,19/08/2003,Libreville,"Gabon, France",179,left,Angers SCO,Defender - Left-Back,3,31/07/2024,30/06/2027,€4.00m,,,,,,,,
Florent Hanin,Florent Olivier Sylvain Hanin,36,04/02/1990,Le Havre,France,177,left,Angers SCO,Defender - Left-Back,26,31/07/2023,30/06/2026,€250k,,,,,,,,
Dan Sinaté,,19,09/06/2006,Chambray-lès-Tours,"Mali, France",181,left,Angers SCO,Defender - Left-Back,23,01/07/2025,30/06/2029,,,,,,,,,
Carlens Arcus,Carlens Jean Fedlaire Ruby Arcus,29,28/06/1996,Port-au-Prince,Haiti,176,right,Angers SCO,Defender - Right-Back,2,01/07/2024,30/06/2026,€1.80m,,,,,,,,
Lilian Raolisoa,,25,16/06/2000,Angers,"France, Madagascar",178,right,Angers SCO,Defender - Right-Back,27,01/07/2023,30/06/2028,€1.80m,,,,,,,,
Marius Louër,,18,11/03/2007,Saint-Herblain,France,181,right,Angers SCO,Defender - Right-Back,20,01/07/2025,30/06/2028,€100k,,,,,,,,
Marius Courcoul,,19,01/01/2007,Château-Gontier,France,182,right,Angers SCO,Midfield - Defensive Midfield,5,01/02/2025,30/06/2026,€700k,,,,,,,,
Yassin Belkhdim,ياسين بلخديم,24,14/02/2002,Meulan-en-Yvelines,"Morocco, France",175,right,Angers SCO,Midfield - Central Midfield,14,01/01/2024,30/06/2028,€4.00m,,,,,,,,
Branco van den Boomen,,30,21/07/1995,Veldhoven,Netherlands,188,right,Angers SCO,Midfield - Central Midfield,8,21/01/2026,30/06/2026,€2.50m,,,,,,,,
Haris Belkebla,هاريس بلقبلة,32,28/01/1994,Drancy,"Algeria, France",177,right,Angers SCO,Midfield - Central Midfield,93,17/08/2024,30/06/2026,€2.00m,,,,,,,,
Pierrick Capelle,,38,15/04/1987,Lesquin,France,181,left,Angers SCO,Midfield - Central Midfield,15,01/07/2015,30/06/2026,€200k,,,,,,,,
Louis Mouton,,23,03/06/2002,Saint-Priest-en-Jarez,France,180,right,Angers SCO,Midfield - Attacking Midfield,6,01/07/2025,30/06/2028,€2.50m,,,,,,,,
Amine Sbaï,محمد أمين سباعي,25,05/11/2000,Sidi Kacem,"Morocco, France",175,right,Angers SCO,Attack - Left Winger,7,08/10/2025,30/06/2027,€1.50m,,,,,,,,
Harouna Djibirin,,19,05/11/2006,Yaoundé,Cameroon,175,left,Angers SCO,Attack - Right Winger,31,01/07/2025,30/06/2029,€200k,,,,,,,,
Prosper Peter,,18,09/08/2007,Paris,"France, Nigeria",188,right,Angers SCO,Attack - Centre-Forward,35,01/07/2025,30/06/2027,€5.00m,,,,,,,,
Goduine Koyalipou,,26,15/02/2000,Bangui,"Central African Republic, France",184,right,Angers SCO,Attack - Centre-Forward,9,29/01/2026,30/06/2026,€2.50m,,,,,,,,
Lanroy Machine,,20,13/10/2005,Saint-Laurent-du-Maroni,"France, French Guiana",183,right,Angers SCO,Attack - Centre-Forward,36,01/07/2025,-,€700k,,,,,,,,
