id,name,link,age,birth_date,birth_place,nationalities,height_cm,current_club,position,shirt_number,joined_date,contract_end,market_value_m,matches,goals,assists,minutes,yellow_cards,red_cards
463600,Lucas Chevalier,https://www.transfermarkt.com/lucas-chevalier/profil/spieler/463600,24,06/11/2001,Calais,France,189,PSG,Goalkeeper,30,09/08/2025,30/06/2030,35.0,26,0,0,2340,0,0
318470,Matvey Safonov,https://www.transfermarkt.com/matvey-safonov/profil/spieler/318470,26,25/02/1999,Krasnodar,Russia,192,PSG,Goalkeeper,39,01/07/2024,30/06/2029,15.0,9,0,0,840,0,0
1041614,Renato Marin,https://www.transfermarkt.com/renato-marin/profil/spieler/1041614,19,10/07/2006,São Paulo,Italy,190,PSG,Goalkeeper,89,17/07/2025,30/06/2030,0.5,1,0,0,90,0,0
661171,Willian Pacho,https://www.transfermarkt.com/willian-pacho/profil/spieler/661171,24,16/10/2001,Quinindé,Ecuador,188,PSG,Centre-Back,51,09/08/2024,30/06/2029,70.0,29,2,0,2459,2,0
659089,Ilya Zabarnyi,https://www.transfermarkt.com/ilya-zabarnyi/profil/spieler/659089,23,01/09/2002,Kyiv,Ukraine,189,PSG,Centre-Back,6,12/08/2025,30/06/2030,50.0,25,1,0,1775,4,1
181767,Marquinhos,https://www.transfermarkt.com/marquinhos/profil/spieler/181767,31,14/05/1994,São Paulo,Brazil,183,PSG,Centre-Back,5,19/07/2013,30/06/2028,30.0,21,1,0,1664,0,0
872171,Lucas Beraldo,https://www.transfermarkt.com/lucas-beraldo/profil/spieler/872171,22,24/11/2003,Piracicaba,Brazil,186,PSG,Centre-Back,4,01/01/2024,30/06/2028,20.0,12,1,0,917,1,0
616341,Nuno Mendes,https://www.transfermarkt.com/nuno-mendes/profil/spieler/616341,23,19/06/2002,Lisboa,Portugal,180,PSG,Left-Back,25,01/07/2022,30/06/2029,75.0,28,5,5,2091,3,0
281963,Lucas Hernández,https://www.transfermarkt.com/lucas-hernandez/profil/spieler/281963,30,14/02/1996,Marseille,France,184,PSG,Left-Back,21,09/07/2023,30/06/2028,20.0,19,0,1,1185,2,1
398073,Achraf Hakimi,https://www.transfermarkt.com/achraf-hakimi/profil/spieler/398073,27,04/11/1998,Madrid,Morocco,181,PSG,Right-Back,2,06/07/2021,30/06/2029,80.0,18,3,3,1404,3,1
487469,Vitinha,https://www.transfermarkt.com/vitinha/profil/spieler/487469,26,13/02/2000,Vila das Aves,Portugal,172,PSG,Defensive Midfield,17,01/07/2022,30/06/2029,110.0,34,6,10,2849,3,0
670681,João Neves,https://www.transfermarkt.com/joao-neves/profil/spieler/670681,21,27/09/2004,Tavira,Portugal,174,PSG,Central Midfield,87,05/08/2024,30/06/2029,110.0,22,6,2,1686,0,0
810092,Warren Zaïre-Emery,https://www.transfermarkt.com/warren-zaire-emery/profil/spieler/810092,19,08/03/2006,Montreuil,France,178,PSG,Central Midfield,33,01/07/2022,30/06/2029,50.0,36,1,4,2942,4,0
350219,Fabián Ruiz,https://www.transfermarkt.com/fabian-ruiz/profil/spieler/350219,29,03/04/1996,Los Palacios y ...,Spain,189,PSG,Central Midfield,8,30/08/2022,30/06/2027,40.0,24,2,3,1591,1,0
903693,Senny Mayulu,https://www.transfermarkt.com/senny-mayulu/profil/spieler/903693,19,17/05/2006,Le Blanc-Mesnil,France,183,PSG,Central Midfield,24,01/01/2024,30/06/2027,40.0,28,4,5,1705,1,0
557149,Kang-in Lee,https://www.transfermarkt.com/kang-in-lee/profil/spieler/557149,25,19/02/2001,"Namdong-gu, Incheon","Korea, South",173,PSG,Attacking Midfield,19,08/07/2023,30/06/2028,25.0,25,3,3,1199,2,0
1071596,Dro Fernández,https://www.transfermarkt.com/dro-fernandez/profil/spieler/1071596,18,12/01/2008,Nigrán,Spain,180,PSG,Attacking Midfield,27,26/01/2026,30/06/2030,10.0,10,0,1,364,0,0
502670,Khvicha Kvaratskhelia,https://www.transfermarkt.com/khvicha-kvaratskhelia/profil/spieler/502670,25,12/02/2001,Tiflis,Georgia,183,PSG,Left Winger,7,17/01/2025,30/06/2029,90.0,30,8,6,1724,2,0
708265,Bradley Barcola,https://www.transfermarkt.com/bradley-barcola/profil/spieler/708265,23,02/09/2002,Lyon,France,182,PSG,Left Winger,29,31/08/2023,30/06/2028,70.0,32,7,6,1979,3,0
1053208,Quentin Ndjantou,https://www.transfermarkt.com/quentin-ndjantou/profil/spieler/1053208,18,23/07/2007,Arpajon,France,182,PSG,Left Winger,47,01/07/2025,30/06/2028,7.0,16,4,2,582,1,0
914562,Désiré Doué,https://www.transfermarkt.com/desire-doue/profil/spieler/914562,20,03/06/2005,Angers,France,181,PSG,Right Winger,14,17/08/2024,30/06/2029,90.0,23,8,5,1333,1,0
1185888,Ibrahim Mbaye,https://www.transfermarkt.com/ibrahim-mbaye/profil/spieler/1185888,18,24/01/2008,Trappes,Senegal,175,PSG,Right Winger,49,01/07/2025,30/06/2028,25.0,23,1,2,1005,0,0
288230,Ousmane Dembélé,https://www.transfermarkt.com/ousmane-dembele/profil/spieler/288230,28,15/05/1997,Vernon,France,178,PSG,Centre-Forward,10,12/08/2023,30/06/2028,100.0,25,11,7,1268,1,0
550550,Gonçalo Ramos,https://www.transfermarkt.com/goncalo-ramos/profil/spieler/550550,24,20/06/2001,Olhão,Portugal,185,PSG,Centre-Forward,9,01/01/2024,30/06/2028,35.0,33,10,1,1251,2,0
229604,Gerónimo Rulli,https://www.transfermarkt.com/geronimo-rulli/profil/spieler/229604,33,20/05/1992,La Plata,Argentina,189,Marseille,Goalkeeper,1,11/08/2024,30/06/2027,9.0,27,0,0,2430,2,0
315253,Jeffrey de Lange,https://www.transfermarkt.com/jeffrey-de-lange/profil/spieler/315253,27,01/04/1998,Amstelveen,Netherlands,190,Marseille,Goalkeeper,12,08/08/2024,30/06/2027,2.0,7,0,0,630,0,0
727086,Jelle Van Neck,https://www.transfermarkt.com/jelle-van-neck/profil/spieler/727086,21,07/03/2004,Brugge,Belgium,191,Marseille B,Goalkeeper,0,01/07/2022,30/06/2027,0,9,0,0,810,1,0
620912,Théo Vermot,https://www.transfermarkt.com/theo-vermot/profil/spieler/620912,29,27/01/1997,Fréjus,France,190,Marseille B,Goalkeeper,0,01/07/2024,30/06/2026,0,2,0,0,180,0,0
361914,Nayef Aguerd,https://www.transfermarkt.com/nayef-aguerd/profil/spieler/361914,29,30/03/1996,Kénitra,Morocco,190,Marseille,Centre-Back,21,01/09/2025,30/06/2030,22.0,22,1,0,1919,4,0
575998,Leonardo Balerdi,https://www.transfermarkt.com/leonardo-balerdi/profil/spieler/575998,27,26/01/1999,Villa Mercedes,Argentina,187,Marseille,Centre-Back,5,03/07/2021,30/06/2028,20.0,25,1,1,1942,7,0
353366,Benjamin Pavard,https://www.transfermarkt.com/benjamin-pavard/profil/spieler/353366,29,28/03/1996,Maubeuge,France,186,Marseille,Centre-Back,28,01/09/2025,30/06/2026,20.0,28,1,3,2092,7,0
474800,Facundo Medina,https://www.transfermarkt.com/facundo-medina/profil/spieler/474800,26,28/05/1999,Villa Fiorito,Argentina,184,Marseille,Centre-Back,32,02/07/2025,30/06/2026,20.0,16,0,0,1115,3,0
581669,CJ Egan-Riley,https://www.transfermarkt.com/cj-egan-riley/profil/spieler/581669,23,02/01/2003,Manchester,England,183,Marseille,Centre-Back,4,01/07/2025,30/06/2029,12.0,14,1,0,682,0,1
181778,Emerson,https://www.transfermarkt.com/emerson/profil/spieler/181778,31,03/08/1994,Santos,Italy,176,Marseille,Left-Back,33,01/09/2025,30/06/2027,10.0,26,0,3,2086,3,0
926694,Arthur Vermeeren,https://www.transfermarkt.com/arthur-vermeeren/profil/spieler/926694,21,07/02/2005,Lier,Belgium,180,Marseille,Defensive Midfield,18,31/08/2025,30/06/2026,28.0,17,0,2,898,2,1
167799,Pierre-Emile Højbjerg,https://www.transfermarkt.com/pierre-emile-hojbjerg/profil/spieler/167799,30,05/08/1995,København,Denmark,185,Marseille,Defensive Midfield,23,01/07/2025,30/06/2028,18.0,31,3,3,2589,5,0
127189,Geoffrey Kondogbia,https://www.transfermarkt.com/geoffrey-kondogbia/profil/spieler/127189,33,15/02/1993,Nemours,Central African Republic,188,Marseille,Defensive Midfield,19,01/07/2023,30/06/2027,5.0,12,0,0,647,3,0
920470,Tochukwu Nnadi,https://www.transfermarkt.com/tochukwu-nnadi/profil/spieler/920470,22,30/06/2003,Ihiagwa,Nigeria,176,Marseille,Defensive Midfield,6,02/02/2026,30/06/2030,2.0,19,0,1,1508,7,1
420213,Quinten Timber,https://www.transfermarkt.com/quinten-timber/profil/spieler/420213,24,17/06/2001,Utrecht,Netherlands,179,Marseille,Central Midfield,27,23/01/2026,30/06/2030,25.0,29,4,4,2200,2,0
659520,Bilal Nadir,https://www.transfermarkt.com/bilal-nadir/profil/spieler/659520,22,28/11/2003,Nice,Morocco,179,Marseille,Central Midfield,26,01/07/2023,30/06/2026,9.0,24,1,5,795,2,0
370846,Timothy Weah,https://www.transfermarkt.com/timothy-weah/profil/spieler/370846,25,22/02/2000,"New York City, New ...",United States,183,Marseille,Right Midfield,22,06/08/2025,30/06/2026,20.0,30,3,4,2203,4,0
890719,Ethan Nwaneri,https://www.transfermarkt.com/ethan-nwaneri/profil/spieler/890719,18,21/03/2007,London,England,176,Marseille,Attacking Midfield,11,23/01/2026,30/06/2026,40.0,16,2,0,730,2,0
592979,Himad Abdelli,https://www.transfermarkt.com/himad-abdelli/profil/spieler/592979,26,17/11/1999,Montivilliers,Algeria,185,Marseille,Attacking Midfield,8,02/02/2026,30/06/2030,7.0,15,2,0,995,1,0
653610,Igor Paixão,https://www.transfermarkt.com/igor-paixao/profil/spieler/653610,25,28/06/2000,Macapá,Brazil,168,Marseille,Left Winger,14,01/08/2025,30/06/2030,35.0,30,9,4,1873,2,0
391065,Hamed Traoré,https://www.transfermarkt.com/hamed-traore/profil/spieler/391065,26,16/02/2000,Abidjan,Cote d'Ivoire,177,Marseille,Left Winger,20,29/08/2025,30/06/2026,15.0,11,2,3,489,1,0
532826,Mason Greenwood,https://www.transfermarkt.com/mason-greenwood/profil/spieler/532826,24,01/10/2001,Bradford,England,181,Marseille,Right Winger,10,18/07/2024,30/06/2029,50.0,33,23,8,2667,2,0
418659,Amine Gouiri,https://www.transfermarkt.com/amine-gouiri/profil/spieler/418659,26,16/02/2000,Bourgoin-Jallieu,Algeria,181,Marseille,Centre-Forward,9,31/01/2025,30/06/2029,28.0,18,8,4,1113,1,0
58864,Pierre-Emerick Aubameyang,https://www.transfermarkt.com/pierre-emerick-aubameyang/profil/spieler/58864,36,18/06/1989,Laval,Gabon,187,Marseille,Centre-Forward,17,31/07/2025,30/06/2027,3.0,29,10,10,1811,2,0
251322,Philipp Köhn,https://www.transfermarkt.com/philipp-kohn/profil/spieler/251322,27,02/04/1998,Dinslaken,Switzerland,190,Monaco,Goalkeeper,16,15/07/2023,30/06/2028,4.0,25,0,0,2159,1,0
48015,Lukas Hradecky,https://www.transfermarkt.com/lukas-hradecky/profil/spieler/48015,36,24/11/1989,Bratislava,Finland,192,Monaco,Goalkeeper,1,08/08/2025,30/06/2027,1.8,11,0,0,901,0,0
1075582,Jules Stawiecki,https://www.transfermarkt.com/jules-stawiecki/profil/spieler/1075582,18,10/04/2007,Dijon,France,186,Monaco U19,Goalkeeper,0,30/01/2024,30/06/2029,0.15,7,0,0,630,0,0
745341,Yann Lienard,https://www.transfermarkt.com/yann-lienard/profil/spieler/745341,22,16/03/2003,Aubagne,France,194,Monaco,Goalkeeper,50,01/07/2023,30/06/2027,0.1,1,0,0,90,0,0
228948,Thilo Kehrer,https://www.transfermarkt.com/thilo-kehrer/profil/spieler/228948,29,21/09/1996,Tübingen,Germany,186,Monaco,Centre-Back,5,01/07/2024,30/06/2028,18.0,27,0,0,2246,6,1
1005240,Christian Mawissa,https://www.transfermarkt.com/christian-mawissa/profil/spieler/1005240,20,18/04/2005,Saint-Jean-de-Verges,France,184,Monaco,Centre-Back,13,11/08/2024,30/06/2029,15.0,10,0,0,718,3,0
292808,Wout Faes,https://www.transfermarkt.com/wout-faes/profil/spieler/292808,27,03/04/1998,Mol,Belgium,187,Monaco,Centre-Back,25,13/01/2026,30/06/2026,12.0,20,1,1,1243,2,0
563963,Mohammed Salisu,https://www.transfermarkt.com/mohammed-salisu/profil/spieler/563963,26,17/04/1999,Kumasi,Ghana,188,Monaco,Centre-Back,22,01/08/2023,30/06/2028,10.0,18,1,0,1613,5,0
175722,Eric Dier,https://www.transfermarkt.com/eric-dier/profil/spieler/175722,32,15/01/1994,Cheltenham,England,191,Monaco,Centre-Back,3,01/07/2025,30/06/2028,7.0,12,2,0,1032,0,0
420064,Caio Henrique,https://www.transfermarkt.com/caio-henrique/profil/spieler/420064,28,31/07/1997,Santos,Brazil,178,Monaco,Left-Back,12,27/08/2020,30/06/2027,15.0,29,0,0,2238,4,0
947360,Kassoum Ouattara,https://www.transfermarkt.com/kassoum-ouattara/profil/spieler/947360,21,14/10/2004,Paris,France,184,Monaco,Left-Back,20,01/11/2023,30/06/2028,9.0,23,0,4,1356,4,0
789082,Vanderson,https://www.transfermarkt.com/vanderson/profil/spieler/789082,24,21/06/2001,Rondonópolis,Brazil,173,Monaco,Right-Back,2,01/01/2022,30/06/2028,20.0,21,0,2,1188,5,0
364245,Jordan Teze,https://www.transfermarkt.com/jordan-teze/profil/spieler/364245,26,30/09/1999,Groningen,Netherlands,183,Monaco,Right-Back,4,20/08/2024,30/06/2029,12.0,31,2,0,2335,8,0
334526,Denis Zakaria,https://www.transfermarkt.com/denis-zakaria/profil/spieler/334526,29,20/11/1996,Genf,Switzerland,190,Monaco,Defensive Midfield,6,14/08/2023,30/06/2028,25.0,20,1,3,1657,7,1
975347,Aladji Bamba,https://www.transfermarkt.com/aladji-bamba/profil/spieler/975347,19,14/07/2006,Blois,France,181,Monaco,Defensive Midfield,23,01/07/2025,30/06/2030,3.5,16,0,1,576,1,0
918969,Lamine Camara,https://www.transfermarkt.com/lamine-camara/profil/spieler/918969,22,01/01/2004,Diouloulou,Senegal,173,Monaco,Central Midfield,15,30/07/2024,30/06/2029,30.0,19,0,3,1454,5,0
745173,Mamadou Coulibaly,https://www.transfermarkt.com/mamadou-coulibaly/profil/spieler/745173,21,21/04/2004,Paris,France,179,Monaco,Central Midfield,28,01/07/2025,30/06/2028,8.0,25,3,3,1486,6,1
122153,Paul Pogba,https://www.transfermarkt.com/paul-pogba/profil/spieler/122153,32,15/03/1993,Lagny-sur-Marne,France,191,Monaco,Central Midfield,8,01/07/2025,30/06/2027,5.0,3,0,0,30,0,0
263918,Aleksandr Golovin,https://www.transfermarkt.com/aleksandr-golovin/profil/spieler/263918,29,30/05/1996,"Kaltan, Kemerovo ...",Russia,178,Monaco,Attacking Midfield,10,27/07/2018,30/06/2029,18.0,26,2,5,1824,4,1
743387,Stanis Idumbo,https://www.transfermarkt.com/stanis-idumbo/profil/spieler/743387,20,29/06/2005,Melun,Belgium,171,Monaco,Attacking Midfield,17,30/08/2025,30/06/2030,5.0,14,1,1,378,0,0
658536,Simon Adingra,https://www.transfermarkt.com/simon-adingra/profil/spieler/658536,24,01/01/2002,Abobo,Cote d'Ivoire,175,Monaco,Left Winger,24,02/02/2026,30/06/2026,22.0,19,3,1,1009,2,0
165793,Takumi Minamino,https://www.transfermarkt.com/takumi-minamino/profil/spieler/165793,31,16/01/1995,"Izumisano, Osaka",Japan,172,Monaco,Left Winger,18,01/07/2022,30/06/2027,12.0,21,4,3,1312,4,0
466810,Ansu Fati,https://www.transfermarkt.com/ansu-fati/profil/spieler/466810,23,31/10/2002,Bissau,Spain,178,Monaco,Left Winger,31,01/07/2025,30/06/2026,10.0,19,8,0,785,1,0
745200,Maghnes Akliouche,https://www.transfermarkt.com/maghnes-akliouche/profil/spieler/745200,23,25/02/2002,Tremblay-en-France,France,183,Monaco,Right Winger,11,01/07/2022,30/06/2028,45.0,32,4,6,2598,2,0
490426,Krépin Diatta,https://www.transfermarkt.com/krepin-diatta/profil/spieler/490426,26,25/02/1999,Dakar,Senegal,175,Monaco,Right Winger,27,21/01/2021,30/06/2026,6.0,17,0,2,1039,2,0
503770,Folarin Balogun,https://www.transfermarkt.com/folarin-balogun/profil/spieler/503770,24,03/07/2001,"New York City, New ...",United States,178,Monaco,Centre-Forward,9,30/08/2023,30/06/2028,22.0,30,10,4,2183,3,1
565821,Mika Biereth,https://www.transfermarkt.com/mika-biereth/profil/spieler/565821,23,08/02/2003,London,Denmark,187,Monaco,Centre-Forward,14,11/01/2025,30/06/2030,22.0,30,5,2,1291,2,0
918414,Paris Brunner,https://www.transfermarkt.com/paris-brunner/profil/spieler/918414,20,15/02/2006,Dortmund,Germany,186,Monaco,Centre-Forward,29,16/08/2024,30/06/2028,1.5,7,2,0,213,1,0
834397,Mike Penders,https://www.transfermarkt.com/mike-penders/profil/spieler/834397,20,31/07/2005,Maasmechelen,Belgium,200,R. Strasbourg,Goalkeeper,39,28/07/2025,30/06/2026,15.0,32,0,0,2831,5,0
465836,Stefan Bajic,https://www.transfermarkt.com/stefan-bajic/profil/spieler/465836,24,23/12/2001,Saint-Étienne,France,188,R. Strasbourg,Goalkeeper,50,16/08/2025,30/06/2026,0.5,0,0,0,0,0,0
112822,Karl-Johan Johnsson,https://www.transfermarkt.com/karl-johan-johnsson/profil/spieler/112822,36,28/01/1990,Ränneslöv,Sweden,188,R. Strasbourg,Goalkeeper,1,16/08/2024,30/06/2026,0.25,2,0,0,139,0,0
786436,Ismaël Doukouré,https://www.transfermarkt.com/ismael-doukoure/profil/spieler/786436,22,24/07/2003,Lille,France,183,R. Strasbourg,Centre-Back,6,29/01/2022,30/06/2028,18.0,26,2,1,2018,5,2
1145504,Aarón Anselmino,https://www.transfermarkt.com/aaron-anselmino/profil/spieler/1145504,20,29/04/2005,Bernardo Larroudé,Argentina,186,R. Strasbourg,Centre-Back,5,02/02/2026,30/06/2026,12.0,11,1,1,586,1,0
926978,Lucas Høgsberg,https://www.transfermarkt.com/lucas-hogsberg/profil/spieler/926978,19,23/06/2006,Farum,Denmark,187,R. Strasbourg,Centre-Back,24,09/08/2025,30/06/2030,12.0,27,0,0,2227,1,0
621993,Andrew Omobamidele,https://www.transfermarkt.com/andrew-omobamidele/profil/spieler/621993,23,23/06/2002,Leixlip,Ireland,188,R. Strasbourg,Centre-Back,2,01/07/2025,30/06/2029,7.0,23,0,0,1169,2,0
316125,Ben Chilwell,https://www.transfermarkt.com/ben-chilwell/profil/spieler/316125,29,21/12/1996,Milton Keynes,England,180,R. Strasbourg,Left-Back,3,01/09/2025,30/06/2027,12.0,23,0,3,1772,4,0
711980,Guéla Doué,https://www.transfermarkt.com/guela-doue/profil/spieler/711980,23,17/10/2002,Angers,Cote d'Ivoire,186,R. Strasbourg,Right-Back,22,26/07/2024,30/06/2029,18.0,22,2,6,1740,5,0
1011200,Junior Mwanga,https://www.transfermarkt.com/junior-mwanga/profil/spieler/1011200,22,11/05/2003,Lyon,France,184,R. Strasbourg,Defensive Midfield,18,08/08/2023,30/06/2027,7.0,22,1,1,1836,3,1
863204,Maxi Oyedele,https://www.transfermarkt.com/maxi-oyedele/profil/spieler/863204,21,07/11/2004,Salford,Poland,183,R. Strasbourg,Defensive Midfield,8,16/07/2025,30/06/2030,4.0,2,0,0,68,0,0
637803,Rafael Luís,https://www.transfermarkt.com/rafael-luis/profil/spieler/637803,21,18/02/2005,Amadora,Portugal,188,R. Strasbourg,Defensive Midfield,83,17/08/2025,30/06/2026,4.0,13,0,0,549,1,0
849410,Valentín Barco,https://www.transfermarkt.com/valentin-barco/profil/spieler/849410,21,23/07/2004,25 de Mayo,Argentina,170,R. Strasbourg,Central Midfield,32,02/07/2025,30/06/2029,25.0,29,1,9,2258,6,1
1010854,Mathis Amougou,https://www.transfermarkt.com/mathis-amougou/profil/spieler/1010854,20,18/01/2006,Le Blanc-Mesnil,France,177,R. Strasbourg,Central Midfield,17,12/07/2025,30/06/2030,10.0,16,0,0,655,3,0
1130514,Samir El Mourabet,https://www.transfermarkt.com/samir-el-mourabet/profil/spieler/1130514,20,06/10/2005,Strasbourg,Morocco,186,R. Strasbourg,Central Midfield,29,01/07/2025,30/06/2030,8.0,29,1,0,1874,4,0
655006,Diego Moreira,https://www.transfermarkt.com/diego-moreira/profil/spieler/655006,21,06/08/2004,Liège,Belgium,179,R. Strasbourg,Left Midfield,7,16/08/2024,30/06/2029,18.0,31,3,6,2163,5,0
579928,Sebastian Nanasi,https://www.transfermarkt.com/sebastian-nanasi/profil/spieler/579928,23,16/05/2002,Kristianstad,Sweden,178,R. Strasbourg,Left Midfield,11,23/08/2024,30/06/2029,15.0,17,5,2,784,0,0
660867,Julio Enciso,https://www.transfermarkt.com/julio-enciso/profil/spieler/660867,22,23/01/2004,Caaguazú,Paraguay,173,R. Strasbourg,Attacking Midfield,19,01/09/2025,30/06/2029,20.0,22,8,3,1500,1,0
992686,Martial Godo,https://www.transfermarkt.com/martial-godo/profil/spieler/992686,22,14/03/2003,London,Cote d'Ivoire,177,R. Strasbourg,Left Winger,20,01/09/2025,30/06/2030,7.0,25,11,5,1435,3,0
991487,Abdoul Ouattara,https://www.transfermarkt.com/abdoul-ouattara/profil/spieler/991487,20,22/10/2005,Zoukpangbeu,Cote d'Ivoire,180,R. Strasbourg,Right Winger,42,01/01/2025,30/06/2029,9.0,26,3,1,1626,1,0
933900,Samuel Amo-Ameyaw,https://www.transfermarkt.com/samuel-amo-ameyaw/profil/spieler/933900,19,18/07/2006,London,England,174,R. Strasbourg,Right Winger,27,01/07/2025,30/06/2029,8.0,25,1,3,1055,2,0
1151929,Gessime Yassine,https://www.transfermarkt.com/gessime-yassine/profil/spieler/1151929,20,22/11/2005,Salon-de-Provence,Morocco,172,R. Strasbourg,Right Winger,80,17/01/2026,30/06/2030,6.0,19,3,9,954,2,1
559328,Emmanuel Emegha,https://www.transfermarkt.com/emmanuel-emegha/profil/spieler/559328,23,03/02/2003,Den Haag,Netherlands,196,R. Strasbourg,Centre-Forward,10,22/07/2023,30/06/2028,28.0,11,7,2,664,4,0
1064871,Joaquín Panichelli,https://www.transfermarkt.com/joaquin-panichelli/profil/spieler/1064871,23,07/10/2002,Córdoba,Argentina,190,R. Strasbourg,Centre-Forward,9,27/07/2025,30/06/2030,25.0,31,14,4,2339,3,0
787232,David Datro Fofana,https://www.transfermarkt.com/david-datro-fofana/profil/spieler/787232,23,22/12/2002,Ouragahio,Cote d'Ivoire,182,R. Strasbourg,Centre-Forward,15,02/02/2026,30/06/2026,5.0,17,8,0,1072,0,0
361256,Berke Özer,https://www.transfermarkt.com/berke-ozer/profil/spieler/361256,25,25/05/2000,Izmir,Türkiye,191,Lille,Goalkeeper,1,14/08/2025,30/06/2029,10.0,29,0,0,2610,3,0
417278,Arnaud Bodart,https://www.transfermarkt.com/arnaud-bodart/profil/spieler/417278,27,11/03/1998,Seraing,Belgium,186,Lille,Goalkeeper,16,01/07/2025,30/06/2027,2.0,4,0,0,360,0,0
205465,Marc-Aurèle Caillard,https://www.transfermarkt.com/marc-aurele-caillard/profil/spieler/205465,31,12/05/1994,Melun,France,192,Lille,Goalkeeper,30,30/08/2024,30/06/2026,0.1,168,0,0,14514,4,0
648020,Alexsandro,https://www.transfermarkt.com/alexsandro/profil/spieler/648020,26,09/08/1999,Rio de Janeiro,Brazil,191,Lille,Centre-Back,4,01/07/2022,30/06/2028,20.0,8,0,0,553,0,1
548254,Nathan Ngoy,https://www.transfermarkt.com/nathan-ngoy/profil/spieler/548254,22,10/06/2003,Brussel,Belgium,183,Lille,Centre-Back,3,24/07/2025,30/06/2029,10.0,24,1,1,1909,5,1
203348,Chancel Mbemba,https://www.transfermarkt.com/chancel-mbemba/profil/spieler/203348,31,08/08/1994,Kinshasa,DR Congo,182,Lille,Centre-Back,18,01/09/2025,30/06/2026,2.5,15,0,1,1176,2,0
80293,Aïssa Mandi,https://www.transfermarkt.com/aissa-mandi/profil/spieler/80293,34,22/10/1991,Châlons-en-Champagne,Algeria,186,Lille,Centre-Back,23,01/08/2024,30/06/2026,1.0,25,1,0,1971,7,0
744074,Rafael Fernandes,https://www.transfermarkt.com/rafael-fernandes/profil/spieler/744074,23,28/06/2002,Setúbal,Portugal,191,Lille,Centre-Back,0,31/01/2024,30/06/2028,0.6,1,0,0,90,0,0
990732,Ousmane Touré,https://www.transfermarkt.com/ousmane-toure/profil/spieler/990732,21,18/02/2005,Lille,France,187,Lille,Centre-Back,36,01/07/2024,30/06/2028,0.5,1,0,0,52,0,0
318523,Romain Perraud,https://www.transfermarkt.com/romain-perraud/profil/spieler/318523,28,22/09/1997,Toulouse,France,173,Lille,Left-Back,15,08/08/2025,30/06/2028,7.0,26,2,3,1945,5,1
258364,Calvin Verdonk,https://www.transfermarkt.com/calvin-verdonk/profil/spieler/258364,28,26/04/1997,Dordrecht,Indonesia,174,Lille,Left-Back,24,01/09/2025,30/06/2028,3.0,20,0,2,1181,3,1
816580,Tiago Santos,https://www.transfermarkt.com/tiago-santos/profil/spieler/816580,23,23/07/2002,Lisboa,Portugal,175,Lille,Right-Back,22,05/07/2023,30/06/2029,12.0,18,0,1,908,0,0
100986,Thomas Meunier,https://www.transfermarkt.com/thomas-meunier/profil/spieler/100986,34,12/09/1991,Bastogne,Belgium,191,Lille,Right-Back,12,19/07/2024,30/06/2026,1.8,23,0,1,1693,2,0
1016015,Ngal'ayel Mukau,https://www.transfermarkt.com/ngalayel-mukau/profil/spieler/1016015,21,03/11/2004,Antwerpen,DR Congo,186,Lille,Defensive Midfield,17,11/07/2024,30/06/2028,12.0,26,2,0,1337,3,0
245537,Nabil Bentaleb,https://www.transfermarkt.com/nabil-bentaleb/profil/spieler/245537,31,24/11/1994,Lille,Algeria,187,Lille,Defensive Midfield,6,28/08/2023,30/06/2026,5.0,25,2,1,1221,1,0
84301,Benjamin André,https://www.transfermarkt.com/benjamin-andre/profil/spieler/84301,35,03/08/1990,Nice,France,180,Lille,Defensive Midfield,21,17/07/2019,30/06/2028,4.0,24,4,1,2058,8,0
1097139,Ayyoub Bouaddi,https://www.transfermarkt.com/ayyoub-bouaddi/profil/spieler/1097139,18,02/10/2007,Senlis,France,186,Lille,Central Midfield,32,01/07/2023,30/06/2029,40.0,28,0,1,2011,6,2
221025,André Gomes,https://www.transfermarkt.com/andre-gomes/profil/spieler/221025,32,30/07/1993,Grijó,Portugal,190,Lille,Central Midfield,26,06/09/2024,30/06/2026,4.5,2,0,0,7,0,0
652275,Hákon Arnar Haraldsson,https://www.transfermarkt.com/hakon-arnar-haraldsson/profil/spieler/652275,22,10/04/2003,Akranes,Iceland,178,Lille,Attacking Midfield,10,17/07/2023,30/06/2030,22.0,30,6,6,2208,7,0
724129,Matías Fernández-Pardo,https://www.transfermarkt.com/matias-fernandez-pardo/profil/spieler/724129,21,03/02/2005,Brussel,Spain,188,Lille,Left Winger,7,30/08/2024,30/06/2029,20.0,25,3,5,1783,5,0
580657,Osame Sahraoui,https://www.transfermarkt.com/osame-sahraoui/profil/spieler/580657,24,11/06/2001,Oslo,Morocco,170,Lille,Left Winger,11,01/08/2024,30/06/2029,10.0,23,1,2,769,0,0
479648,Félix Correia,https://www.transfermarkt.com/felix-correia/profil/spieler/479648,25,22/01/2001,Lisboa,Portugal,178,Lille,Left Winger,27,17/07/2025,30/06/2029,10.0,32,4,5,1922,1,0
903666,Ethan Mbappé,https://www.transfermarkt.com/ethan-mbappe/profil/spieler/903666,19,29/12/2006,Montreuil,France,180,Lille,Right Winger,8,04/07/2024,30/06/2027,9.0,15,3,1,537,0,0
903359,Marius Broholm,https://www.transfermarkt.com/marius-broholm/profil/spieler/903359,21,26/12/2004,Trondheim,Norway,176,Lille,Right Winger,14,01/07/2025,30/06/2030,6.0,14,2,1,462,0,0
353404,Gaëtan Perrin,https://www.transfermarkt.com/gaetan-perrin/profil/spieler/353404,29,07/06/1996,Lyon,France,169,Lille,Right Winger,28,02/02/2026,30/06/2028,6.0,22,3,4,977,1,0
1078326,Noah Edjouma,https://www.transfermarkt.com/noah-edjouma/profil/spieler/1078326,20,04/10/2005,Clamart,France,182,Lille,Right Winger,20,02/02/2026,30/06/2030,2.5,14,0,0,380,0,0
885445,Hamza Igamane,https://www.transfermarkt.com/hamza-igamane/profil/spieler/885445,23,02/11/2002,Témara,Morocco,181,Lille,Centre-Forward,29,29/08/2025,30/06/2030,18.0,21,9,2,816,3,0
82442,Olivier Giroud,https://www.transfermarkt.com/olivier-giroud/profil/spieler/82442,39,30/09/1986,Chambéry,France,192,Lille,Centre-Forward,9,01/07/2025,30/06/2026,1.0,30,7,1,1858,2,0
316884,Dominik Greif,https://www.transfermarkt.com/dominik-greif/profil/spieler/316884,28,06/04/1997,Bratislava,Slovakia,197,Lyon,Goalkeeper,1,18/08/2025,30/06/2029,8.0,22,0,0,1980,1,0
282028,Rémy Descamps,https://www.transfermarkt.com/remy-descamps/profil/spieler/282028,29,25/06/1996,Marcq-en-Barœul,France,196,Lyon,Goalkeeper,40,23/08/2024,30/06/2027,2.0,11,0,0,990,1,0
1071430,Lassine Diarra,https://www.transfermarkt.com/lassine-diarra/profil/spieler/1071430,23,11/11/2002,Bamako,Mali,190,Olymp. Lyon B,Goalkeeper,0,04/11/2023,30/06/2028,0.05,5,0,0,450,1,0
291200,Moussa Niakhaté,https://www.transfermarkt.com/moussa-niakhate/profil/spieler/291200,29,08/03/1996,Roubaix,Senegal,190,Lyon,Centre-Back,19,04/07/2024,30/06/2028,15.0,28,1,2,2398,4,0
187718,Clinton Mata,https://www.transfermarkt.com/clinton-mata/profil/spieler/187718,33,07/11/1992,Verviers,Angola,180,Lyon,Centre-Back,22,06/07/2023,30/06/2028,3.0,30,0,0,2572,6,0
578421,Ruben Kluivert,https://www.transfermarkt.com/ruben-kluivert/profil/spieler/578421,24,21/05/2001,Amsterdam,Netherlands,187,Lyon,Centre-Back,21,25/07/2025,30/06/2030,2.5,18,2,2,1182,3,0
1275040,Noham Kamara,https://www.transfermarkt.com/noham-kamara/profil/spieler/1275040,19,22/01/2007,Meaux,France,185,Lyon,Centre-Back,85,02/02/2026,30/06/2026,1.0,13,1,0,939,1,0
646402,Abner,https://www.transfermarkt.com/abner/profil/spieler/646402,25,27/05/2000,Presidente Prudente,Brazil,181,Lyon,Left-Back,16,05/07/2024,30/06/2029,7.0,22,5,1,1664,5,1
131225,Nicolás Tagliafico,https://www.transfermarkt.com/nicolas-tagliafico/profil/spieler/131225,33,31/08/1992,Rafael Calzada,Argentina,171,Lyon,Left-Back,3,23/07/2022,30/06/2027,5.0,21,0,3,1470,3,0
902862,Achraf Laâziri,https://www.transfermarkt.com/achraf-laaziri/profil/spieler/902862,22,08/07/2003,Hay Hassani,Morocco,177,Lyon,Left-Back,36,01/07/2023,30/06/2027,0.5,4,0,0,360,0,0
285845,Ainsley Maitland-Niles,https://www.transfermarkt.com/ainsley-maitland-niles/profil/spieler/285845,28,29/08/1997,London,England,180,Lyon,Right-Back,98,07/08/2023,30/06/2027,10.0,32,2,3,2472,5,0
275303,Hans Hateboer,https://www.transfermarkt.com/hans-hateboer/profil/spieler/275303,32,09/01/1994,Beerta,Netherlands,187,Lyon,Right-Back,33,17/10/2025,30/06/2026,2.0,13,0,0,601,0,1
618494,Tyler Morton,https://www.transfermarkt.com/tyler-morton/profil/spieler/618494,23,31/10/2002,Wallasey,England,185,Lyon,Defensive Midfield,23,05/08/2025,30/06/2030,18.0,30,2,3,2387,6,1
670096,Tanner Tessmann,https://www.transfermarkt.com/tanner-tessmann/profil/spieler/670096,24,24/09/2001,"Birmingham, Alabama",United States,188,Lyon,Defensive Midfield,6,27/08/2024,30/06/2029,12.0,30,2,0,2040,2,0
289592,Orel Mangala,https://www.transfermarkt.com/orel-mangala/profil/spieler/289592,27,18/03/1998,Brussel,Belgium,178,Lyon,Defensive Midfield,5,02/07/2024,30/06/2028,10.0,6,0,0,95,0,0
1004486,Mathys De Carvalho,https://www.transfermarkt.com/mathys-de-carvalho/profil/spieler/1004486,20,01/05/2005,Lyon,Portugal,183,Lyon,Defensive Midfield,39,11/07/2025,30/06/2028,4.0,20,0,1,971,2,0
190393,Corentin Tolisso,https://www.transfermarkt.com/corentin-tolisso/profil/spieler/190393,31,03/08/1994,Tarare,France,181,Lyon,Central Midfield,8,01/07/2022,30/06/2027,12.0,25,8,2,1929,5,0
1187942,Khalis Merah,https://www.transfermarkt.com/khalis-merah/profil/spieler/1187942,18,24/02/2007,Meyzieu,France,178,Lyon,Central Midfield,44,01/07/2025,30/06/2029,8.0,25,1,2,1261,2,0
500053,Pavel Sulc,https://www.transfermarkt.com/pavel-sulc/profil/spieler/500053,25,29/12/2000,Karlovy Vary,Czech Republic,177,Lyon,Attacking Midfield,10,04/08/2025,30/06/2029,12.0,34,14,10,2243,4,0
652061,Adam Karabec,https://www.transfermarkt.com/adam-karabec/profil/spieler/652061,22,02/07/2003,Praha,Czech Republic,187,Lyon,Attacking Midfield,7,12/08/2025,30/06/2026,8.0,28,3,3,1375,2,0
802515,Noah Nartey,https://www.transfermarkt.com/noah-nartey/profil/spieler/802515,20,05/10/2005,Bagsværd,Denmark,180,Lyon,Attacking Midfield,99,19/01/2026,30/06/2030,8.0,29,9,3,2086,2,1
743386,Malick Fofana,https://www.transfermarkt.com/malick-fofana/profil/spieler/743386,20,31/03/2005,Aalst,Belgium,169,Lyon,Left Winger,11,10/01/2024,30/06/2028,30.0,12,2,1,888,1,0
952282,Afonso Moreira,https://www.transfermarkt.com/afonso-moreira/profil/spieler/952282,20,19/03/2005,Lamego,Portugal,176,Lyon,Left Winger,17,22/07/2025,30/06/2029,5.0,28,5,9,1545,4,0
1200423,Rémi Himbert,https://www.transfermarkt.com/remi-himbert/profil/spieler/1200423,17,29/02/2008,Saint-Avold,France,178,Olymp. Lyon B,Left Winger,0,01/07/2025,,1.5,16,3,0,880,1,0
955070,Ernest Nuamah,https://www.transfermarkt.com/ernest-nuamah/profil/spieler/955070,22,01/11/2003,Kumasi,Ghana,178,Lyon,Right Winger,37,07/07/2024,30/06/2028,12.0,120,30,9,7356,13,0
118287,Rachid Ghezzal,https://www.transfermarkt.com/rachid-ghezzal/profil/spieler/118287,33,09/05/1992,Décines-Charpieu,Algeria,182,Lyon,Right Winger,18,05/09/2025,30/06/2026,0.7,9,0,1,187,0,0
971570,Endrick,https://www.transfermarkt.com/endrick/profil/spieler/971570,19,21/07/2006,Taguatinga,Brazil,173,Lyon,Centre-Forward,9,01/01/2026,30/06/2026,25.0,9,5,1,591,1,1
221958,Roman Yaremchuk,https://www.transfermarkt.com/roman-yaremchuk/profil/spieler/221958,30,27/11/1995,Lviv,Ukraine,191,Lyon,Centre-Forward,77,02/02/2026,30/06/2026,2.5,17,4,1,614,1,0
191056,Brice Samba,https://www.transfermarkt.com/brice-samba/profil/spieler/191056,31,25/04/1994,Linzolo,France,187,Stade Rennais,Goalkeeper,30,08/01/2025,30/06/2029,10.0,23,0,0,2070,3,0
979761,Mathys Silistrie,https://www.transfermarkt.com/mathys-silistrie/profil/spieler/979761,20,16/09/2005,,France,0,Stade Rennais,Goalkeeper,50,01/07/2025,30/06/2029,0,2,0,0,180,0,0
1004301,Jérémy Jacquet,https://www.transfermarkt.com/jeremy-jacquet/profil/spieler/1004301,20,13/07/2005,Bondy,France,190,Stade Rennais,Centre-Back,97,01/01/2024,30/06/2029,20.0,21,0,0,1853,4,0
485960,Lilian Brassier,https://www.transfermarkt.com/lilian-brassier/profil/spieler/485960,26,02/11/1999,Argenteuil,France,186,Stade Rennais,Centre-Back,3,01/07/2025,30/06/2029,10.0,20,0,1,1469,1,0
1134251,Abdelhamid Ait Boudlal,https://www.transfermarkt.com/abdelhamid-ait-boudlal/profil/spieler/1134251,19,16/04/2006,Marrakech,Morocco,190,Stade Rennais,Centre-Back,48,02/07/2024,30/06/2028,10.0,12,2,1,846,3,1
690799,Anthony Rouault,https://www.transfermarkt.com/anthony-rouault/profil/spieler/690799,24,29/05/2001,Villeneuve-sur-Lot,France,186,Stade Rennais,Centre-Back,24,03/02/2025,30/06/2029,9.0,17,1,1,1366,2,0
798404,Alidu Seidu,https://www.transfermarkt.com/alidu-seidu/profil/spieler/798404,25,04/06/2000,Accra,Ghana,173,Stade Rennais,Centre-Back,36,29/01/2024,30/06/2029,6.0,19,0,1,1115,2,0
557613,Quentin Merlin,https://www.transfermarkt.com/quentin-merlin/profil/spieler/557613,23,16/05/2002,Nantes,France,174,Stade Rennais,Left-Back,26,22/07/2025,30/06/2029,12.0,24,3,4,1711,1,0
1176345,Mahamadou Nagida,https://www.transfermarkt.com/mahamadou-nagida/profil/spieler/1176345,20,28/06/2005,Douala,Cameroon,176,Stade Rennais,Left-Back,18,01/07/2024,30/06/2029,1.5,8,0,0,253,1,0
239743,Przemyslaw Frankowski,https://www.transfermarkt.com/przemyslaw-frankowski/profil/spieler/239743,30,12/04/1995,Gdańsk,Poland,175,Stade Rennais,Right-Back,95,05/08/2025,30/06/2026,7.0,16,1,2,1113,4,0
931160,Djaoui Cissé,https://www.transfermarkt.com/djaoui-cisse/profil/spieler/931160,22,31/01/2004,Juvisy-sur-Orge,France,188,Stade Rennais,Central Midfield,6,01/07/2024,30/06/2030,15.0,18,0,0,862,2,0
324795,Mahdi Camara,https://www.transfermarkt.com/mahdi-camara/profil/spieler/324795,27,30/06/1998,Martigues,France,176,Stade Rennais,Central Midfield,45,13/08/2025,30/06/2029,10.0,23,1,2,1869,3,1
332889,Valentin Rongier,https://www.transfermarkt.com/valentin-rongier/profil/spieler/332889,31,07/12/1994,Mâcon,France,173,Stade Rennais,Central Midfield,21,21/07/2025,30/06/2028,9.0,22,1,2,1935,3,0
242632,Glen Kamara,https://www.transfermarkt.com/glen-kamara/profil/spieler/242632,30,28/10/1995,Tampere,Finland,178,Stade Rennais,Central Midfield,4,16/07/2024,30/06/2028,2.5,4,0,0,80,0,0
288225,Ludovic Blas,https://www.transfermarkt.com/ludovic-blas/profil/spieler/288225,28,31/12/1997,Colombes,France,180,Stade Rennais,Right Midfield,10,05/07/2023,30/06/2027,15.0,23,3,4,1039,1,0
320748,Sebastian Szymanski,https://www.transfermarkt.com/sebastian-szymanski/profil/spieler/320748,26,10/05/1999,Biała Podlaska,Poland,174,Stade Rennais,Attacking Midfield,17,22/01/2026,30/06/2029,12.0,31,2,3,1454,0,0
551505,Mousa Tamari,https://www.transfermarkt.com/mousa-tamari/profil/spieler/551505,28,10/06/1997,Amman,Jordan,178,Stade Rennais,Right Winger,11,03/02/2025,30/06/2028,6.0,24,4,5,1633,4,0
324811,Arnaud Nordin,https://www.transfermarkt.com/arnaud-nordin/profil/spieler/324811,27,17/06/1998,Paris,France,170,Stade Rennais,Right Winger,70,02/02/2026,30/06/2026,4.0,21,0,1,886,2,0
986285,Nordan Mukiele,https://www.transfermarkt.com/nordan-mukiele/profil/spieler/986285,20,12/02/2006,Montreuil,France,184,Stade Rennais,Right Winger,65,01/07/2025,30/06/2028,0.2,8,2,1,544,0,0
1227106,Elías Legendre Quiñónez,https://www.transfermarkt.com/elias-legendre-quinonez/profil/spieler/1227106,17,22/04/2008,La Concordia,Ecuador,179,Stade Rennais,Right Winger,75,03/12/2025,30/06/2029,0.1,17,7,0,687,0,1
461607,Estéban Lepaul,https://www.transfermarkt.com/esteban-lepaul/profil/spieler/461607,25,18/04/2000,Auxerre,France,181,Stade Rennais,Centre-Forward,9,28/08/2025,30/06/2029,15.0,25,11,3,1862,1,0
237662,Breel Embolo,https://www.transfermarkt.com/breel-embolo/profil/spieler/237662,29,14/02/1997,Yaoundé,Switzerland,187,Stade Rennais,Centre-Forward,7,01/09/2025,30/06/2029,12.0,22,8,2,1487,3,0
1153105,Yassir Zabiri,https://www.transfermarkt.com/yassir-zabiri/profil/spieler/1153105,20,23/02/2005,Marrakech,Morocco,182,Stade Rennais,Centre-Forward,77,02/02/2026,30/06/2029,4.0,14,4,0,752,3,0
448632,Yehvann Diouf,https://www.transfermarkt.com/yehvann-diouf/profil/spieler/448632,26,16/11/1999,Montreuil-sous-Bois,Senegal,188,Nice,Goalkeeper,80,03/07/2025,30/06/2030,9.0,25,0,0,2250,0,0
127188,Maxime Dupé,https://www.transfermarkt.com/maxime-dupe/profil/spieler/127188,32,04/03/1993,Malestroit,France,188,Nice,Goalkeeper,31,28/01/2024,30/06/2026,0.8,10,0,0,900,0,0
828889,Bartosz Zelazowski,https://www.transfermarkt.com/bartosz-zelazowski/profil/spieler/828889,20,25/04/2005,Warszawa,Poland,193,Nice,Goalkeeper,30,01/07/2025,,0,0,0,0,0,0,0
674612,Youssouf Ndayishimiye,https://www.transfermarkt.com/youssouf-ndayishimiye/profil/spieler/674612,27,27/10/1998,Bujumbura,Burundi,183,Nice,Centre-Back,55,25/01/2023,30/06/2027,8.0,172,16,8,12832,30,1
1089202,Moïse Bombito,https://www.transfermarkt.com/moise-bombito/profil/spieler/1089202,25,30/03/2000,"Montreal, Quebec",Canada,190,Nice,Centre-Back,64,19/08/2024,30/06/2028,8.0,2,0,0,146,1,0
1121298,Juma Bah,https://www.transfermarkt.com/juma-bah/profil/spieler/1121298,19,11/04/2006,Freetown,Sierra Leone,195,Nice,Centre-Back,28,01/07/2025,30/06/2026,7.0,28,0,0,2165,7,0
891998,Antoine Mendy,https://www.transfermarkt.com/antoine-mendy/profil/spieler/891998,21,27/05/2004,Marseille,Senegal,187,Nice,Centre-Back,33,01/07/2022,30/06/2028,4.0,24,1,1,1916,9,0
1113451,Kojo Peprah Oppong,https://www.transfermarkt.com/kojo-peprah-oppong/profil/spieler/1113451,21,04/06/2004,Accra,Ghana,185,Nice,Centre-Back,37,25/07/2025,30/06/2029,4.0,29,1,0,2322,4,0
566025,Mohamed Abdelmonem,https://www.transfermarkt.com/mohamed-abdelmonem/profil/spieler/566025,27,01/02/1999,Zagazig,Egypt,183,Nice,Centre-Back,5,29/08/2024,30/06/2028,3.0,173,10,0,14739,32,2
16136,Dante,https://www.transfermarkt.com/dante/profil/spieler/16136,42,18/10/1983,Salvador da Bahia,Brazil,188,Nice,Centre-Back,4,23/08/2016,30/06/2026,0.5,10,0,0,633,0,0
532775,Melvin Bard,https://www.transfermarkt.com/melvin-bard/profil/spieler/532775,25,06/11/2000,Écully,France,173,Nice,Left-Back,26,16/07/2021,30/06/2028,10.0,28,1,1,2400,4,0
211474,Ali Abdi,https://www.transfermarkt.com/ali-abdi/profil/spieler/211474,32,20/12/1993,Sfax,Tunisia,183,Nice,Left-Back,2,02/09/2024,30/06/2027,2.5,21,1,0,1233,2,0
175639,Jonathan Clauss,https://www.transfermarkt.com/jonathan-clauss/profil/spieler/175639,33,25/09/1992,Strasbourg,France,178,Nice,Right-Back,92,25/07/2024,30/06/2028,4.5,30,1,7,2266,2,0
569845,Charles Vanhoutte,https://www.transfermarkt.com/charles-vanhoutte/profil/spieler/569845,27,16/09/1998,Kortrijk,Belgium,182,Nice,Defensive Midfield,24,01/09/2025,30/06/2029,7.0,32,1,4,2431,13,0
688707,Salis Abdul Samed,https://www.transfermarkt.com/salis-abdul-samed/profil/spieler/688707,25,26/03/2000,Accra,Ghana,179,Nice,Defensive Midfield,99,14/08/2025,30/06/2028,4.5,22,0,1,1185,4,0
560593,Hicham Boudaoui,https://www.transfermarkt.com/hicham-boudaoui/profil/spieler/560593,26,23/09/1999,Béchar,Algeria,175,Nice,Central Midfield,6,02/09/2019,30/06/2027,12.0,19,1,2,1144,4,0
174094,Morgan Sanson,https://www.transfermarkt.com/morgan-sanson/profil/spieler/174094,31,18/08/1994,Saint-Doulchard,France,180,Nice,Central Midfield,8,01/07/2024,30/06/2027,4.0,30,1,2,1478,4,0
450936,Tanguy Ndombélé,https://www.transfermarkt.com/tanguy-ndombele/profil/spieler/450936,29,28/12/1996,Longjumeau,France,181,Nice,Central Midfield,22,04/07/2024,30/06/2026,3.0,10,0,1,476,0,0
1208968,Djibril Coulibaly,https://www.transfermarkt.com/djibril-coulibaly/profil/spieler/1208968,17,18/11/2008,Pontoise,France,178,Nice,Central Midfield,39,01/07/2025,30/06/2028,0.5,5,0,0,317,1,0
750904,Tom Louchet,https://www.transfermarkt.com/tom-louchet/profil/spieler/750904,22,04/05/2003,Manosque,France,178,Nice,Right Midfield,20,01/07/2023,30/06/2027,5.0,28,1,2,1732,3,1
1254786,Gabin Bernardeau,https://www.transfermarkt.com/gabin-bernardeau/profil/spieler/1254786,20,24/01/2006,Le Mans,France,181,Nice,Attacking Midfield,23,01/07/2025,30/06/2028,0.5,5,0,0,180,0,0
569389,Sofiane Diop,https://www.transfermarkt.com/sofiane-diop/profil/spieler/569389,25,09/06/2000,Tours,Morocco,175,Nice,Left Winger,10,29/08/2022,30/06/2027,10.0,31,9,2,1835,4,0
535820,Isak Jansson,https://www.transfermarkt.com/isak-jansson/profil/spieler/535820,24,31/01/2002,Kinna,Sweden,175,Nice,Left Winger,21,10/07/2025,,5.0,23,1,0,932,2,0
670847,Mohamed-Ali Cho,https://www.transfermarkt.com/mohamed-ali-cho/profil/spieler/670847,22,19/01/2004,Stains,France,182,Nice,Right Winger,25,08/01/2024,30/06/2028,12.0,22,5,3,1339,1,0
479638,Tiago Gouveia,https://www.transfermarkt.com/tiago-gouveia/profil/spieler/479638,24,18/06/2001,Cascais,Portugal,176,Nice,Right Winger,47,31/08/2025,30/06/2026,4.0,24,2,0,907,2,0
659542,Elye Wahi,https://www.transfermarkt.com/elye-wahi/profil/spieler/659542,23,02/01/2003,Courcouronnes,France,184,Nice,Centre-Forward,11,01/01/2026,30/06/2026,12.0,22,4,4,910,3,0
718201,Kevin Carlos,https://www.transfermarkt.com/kevin-carlos/profil/spieler/718201,24,10/04/2001,Ceuta,Spain,186,Nice,Centre-Forward,90,18/08/2025,30/06/2030,6.0,26,3,1,1306,1,0
750878,Obed Nkambadio,https://www.transfermarkt.com/obed-nkambadio/profil/spieler/750878,23,07/02/2003,Paris,France,190,Paris FC,Goalkeeper,16,01/07/2023,30/06/2027,6.0,14,0,0,1260,0,0
45672,Kevin Trapp,https://www.transfermarkt.com/kevin-trapp/profil/spieler/45672,35,08/07/1990,Merzig,Germany,189,Paris FC,Goalkeeper,35,19/08/2025,30/06/2028,2.0,11,0,0,990,0,0
18940,Rémy Riou,https://www.transfermarkt.com/remy-riou/profil/spieler/18940,38,06/08/1987,Lyon,France,191,Paris FC,Goalkeeper,1,09/01/2024,30/06/2026,0.1,0,0,0,0,0,0
818495,Otávio,https://www.transfermarkt.com/otavio/profil/spieler/818495,23,21/04/2002,São Paulo,Brazil,188,Paris FC,Centre-Back,6,23/07/2025,30/06/2030,10.0,20,0,0,1724,6,1
660860,Diego Coppola,https://www.transfermarkt.com/diego-coppola/profil/spieler/660860,22,28/12/2003,Bussolengo,Italy,193,Paris FC,Centre-Back,42,29/01/2026,30/06/2026,10.0,11,0,2,722,3,0
649026,Moustapha Mbow,https://www.transfermarkt.com/moustapha-mbow/profil/spieler/649026,25,08/03/2000,Dakar,Senegal,192,Paris FC,Centre-Back,5,20/07/2023,30/06/2028,5.0,24,0,1,2086,3,0
668167,Samir Chergui,https://www.transfermarkt.com/samir-chergui/profil/spieler/668167,27,06/02/1999,Arpajon,Algeria,185,Paris FC,Centre-Back,31,01/01/2021,,3.0,12,1,0,974,1,0
84085,Timothée Kolodziejczak,https://www.transfermarkt.com/timothee-kolodziejczak/profil/spieler/84085,34,01/10/1991,Avion,France,183,Paris FC,Centre-Back,15,06/09/2023,30/06/2026,0.2,13,0,0,840,2,0
955281,Nhoa Sangui,https://www.transfermarkt.com/nhoa-sangui/profil/spieler/955281,19,27/02/2006,Creil,France,178,Paris FC,Left-Back,19,01/07/2025,30/06/2030,5.0,18,0,0,1182,0,0
340177,Thibault De Smet,https://www.transfermarkt.com/thibault-de-smet/profil/spieler/340177,27,05/06/1998,Brugge,Belgium,183,Paris FC,Left-Back,28,01/07/2025,30/06/2027,2.0,16,0,1,1082,3,0
433887,Tuomas Ollila,https://www.transfermarkt.com/tuomas-ollila/profil/spieler/433887,25,25/04/2000,Helsinki,Finland,174,Paris FC,Left-Back,2,29/01/2024,30/06/2027,0.5,10,0,0,434,0,0
297070,Hamari Traoré,https://www.transfermarkt.com/hamari-traore/profil/spieler/297070,34,27/01/1992,Bamako,Mali,175,Paris FC,Right-Back,14,01/09/2025,30/06/2027,1.8,11,0,1,864,3,0
434358,Sofiane Alakouch,https://www.transfermarkt.com/sofiane-alakouch/profil/spieler/434358,27,29/07/1998,Nîmes,Morocco,175,Paris FC,Right-Back,22,01/07/2024,30/06/2026,0.2,171,2,12,12575,28,1
290862,Maxime Lopez,https://www.transfermarkt.com/maxime-lopez/profil/spieler/290862,28,04/12/1997,Marseille,France,167,Paris FC,Defensive Midfield,21,29/08/2024,30/06/2027,6.0,21,0,3,1776,8,0
377393,Pierre Lees-Melou,https://www.transfermarkt.com/pierre-lees-melou/profil/spieler/377393,32,25/05/1993,Langon,France,185,Paris FC,Defensive Midfield,33,28/08/2025,30/06/2027,5.0,14,1,1,1078,3,0
973949,Adama Camara,https://www.transfermarkt.com/adama-camara/profil/spieler/973949,29,18/10/1996,Bondy,France,180,Paris FC,Defensive Midfield,17,01/07/2023,30/06/2027,2.5,22,1,0,1662,5,0
414908,Marshall Munetsi,https://www.transfermarkt.com/marshall-munetsi/profil/spieler/414908,29,22/06/1996,Harare,Zimbabwe,188,Paris FC,Central Midfield,18,16/01/2026,30/06/2026,12.0,21,2,2,1248,2,0
1241211,Rudy Matondo,https://www.transfermarkt.com/rudy-matondo/profil/spieler/1241211,17,13/03/2008,Évry-Courcouronnes,France,180,Paris FC,Central Midfield,23,02/02/2026,,3.0,19,0,0,810,6,0
374040,Vincent Marchetti,https://www.transfermarkt.com/vincent-marchetti/profil/spieler/374040,28,04/07/1997,Ajaccio,France,178,Paris FC,Central Midfield,4,29/01/2024,30/06/2026,2.0,18,2,0,876,1,0
274862,Moses Simon,https://www.transfermarkt.com/moses-simon/profil/spieler/274862,30,12/07/1995,Jos,Nigeria,168,Paris FC,Left Winger,27,01/07/2025,30/06/2028,7.0,19,3,2,1312,0,0
435492,Alimami Gory,https://www.transfermarkt.com/alimami-gory/profil/spieler/435492,29,30/08/1996,Le Havre,France,182,Paris FC,Left Winger,7,09/07/2022,30/06/2026,1.2,15,1,1,661,0,0
170506,Julien Lopez,https://www.transfermarkt.com/julien-lopez/profil/spieler/170506,33,01/03/1992,Marseille,Algeria,173,Paris FC,Left Winger,20,01/07/2017,30/06/2026,0.2,7,0,0,215,0,0
739769,Ilan Kebbal,https://www.transfermarkt.com/ilan-kebbal/profil/spieler/739769,27,10/07/1998,Marseille,Algeria,169,Paris FC,Right Winger,10,10/07/2023,30/06/2028,12.0,23,8,5,1890,4,0
324690,Jonathan Ikoné,https://www.transfermarkt.com/jonathan-ikone/profil/spieler/324690,27,02/05/1998,Bondy,France,175,Paris FC,Right Winger,93,01/09/2025,30/06/2027,5.0,15,5,0,577,2,0
745461,Luca Koleosho,https://www.transfermarkt.com/luca-koleosho/profil/spieler/745461,21,15/09/2004,"Norwalk, Connecticut",Italy,175,Paris FC,Right Winger,24,09/01/2026,30/06/2026,4.0,12,1,0,482,1,0
399383,Mathieu Cafaro,https://www.transfermarkt.com/mathieu-cafaro/profil/spieler/399383,28,25/03/1997,Saint-Doulchard,France,175,Paris FC,Right Winger,13,03/02/2025,30/06/2027,2.0,10,0,0,272,1,0
568701,Lamine Gueye,https://www.transfermarkt.com/lamine-gueye/profil/spieler/568701,27,13/03/1998,M'bour,Senegal,178,Paris FC,Right Winger,26,05/07/2023,30/06/2026,0.25,1,0,1,22,0,0
463620,Willem Geubbels,https://www.transfermarkt.com/willem-geubbels/profil/spieler/463620,24,16/08/2001,Villeurbanne,France,186,Paris FC,Centre-Forward,9,17/08/2025,30/06/2030,7.0,23,6,1,1118,0,0
358515,Jean-Philippe Krasso,https://www.transfermarkt.com/jean-philippe-krasso/profil/spieler/358515,28,17/07/1997,Stuttgart,Cote d'Ivoire,187,Paris FC,Centre-Forward,11,06/07/2024,30/06/2027,4.0,22,2,2,977,0,0
105521,Ciro Immobile,https://www.transfermarkt.com/ciro-immobile/profil/spieler/105521,35,20/02/1990,Torre Annunziata,Italy,185,Paris FC,Centre-Forward,36,01/02/2026,30/06/2027,2.0,12,0,0,411,1,0
203504,Pierre-Yves Hamel,https://www.transfermarkt.com/pierre-yves-hamel/profil/spieler/203504,32,03/02/1994,Brest,France,189,Paris FC,Centre-Forward,29,01/07/2022,30/06/2026,0.4,2,0,0,78,0,0
743515,Robin Risser,https://www.transfermarkt.com/robin-risser/profil/spieler/743515,21,02/12/2004,Colmar,France,193,Lens,Goalkeeper,40,04/07/2025,30/06/2030,10.0,24,0,0,2160,3,0
60543,Mathieu Gorgelin,https://www.transfermarkt.com/mathieu-gorgelin/profil/spieler/60543,35,05/08/1990,Ambérieu-en-Bugey,France,187,Lens,Goalkeeper,16,19/01/2026,30/06/2026,0.25,0,0,0,0,0,0
39918,Régis Gurtner,https://www.transfermarkt.com/regis-gurtner/profil/spieler/39918,39,08/12/1986,Saverne,France,182,Lens,Goalkeeper,1,07/07/2025,30/06/2026,0.1,1,0,0,90,0,0
1200424,Ilan Jourdren,https://www.transfermarkt.com/ilan-jourdren/profil/spieler/1200424,17,17/07/2008,Montpellier,France,188,Lens,Goalkeeper,60,01/07/2025,30/06/2029,0,0,0,0,0,0,0
655217,Samson Baidoo,https://www.transfermarkt.com/samson-baidoo/profil/spieler/655217,21,31/03/2004,Graz,Austria,190,Lens,Centre-Back,6,17/07/2025,30/06/2030,12.0,20,2,2,1725,2,0
344596,Malang Sarr,https://www.transfermarkt.com/malang-sarr/profil/spieler/344596,27,23/01/1999,Nice,France,183,Lens,Centre-Back,20,26/07/2024,30/06/2026,10.0,24,0,1,2160,2,0
126557,Jonathan Gradit,https://www.transfermarkt.com/jonathan-gradit/profil/spieler/126557,33,24/11/1992,Talence,France,180,Lens,Centre-Back,24,20/08/2019,30/06/2028,3.0,10,0,0,809,2,1
1020191,Ismaëlo Ganiou,https://www.transfermarkt.com/ismaelo-ganiou/profil/spieler/1020191,20,14/03/2005,Lille,Burkina Faso,182,Lens,Centre-Back,25,01/07/2025,30/06/2027,3.0,14,2,0,1230,0,0
819566,Nidal Celik,https://www.transfermarkt.com/nidal-celik/profil/spieler/819566,19,17/07/2006,Sarajevo,Bosnia-Herzegovina,192,Lens,Centre-Back,4,03/02/2025,30/06/2029,1.0,1,0,0,90,0,0
1186789,Kyllian Antonio,https://www.transfermarkt.com/kyllian-antonio/profil/spieler/1186789,18,04/01/2008,Champigny-sur-Marne,France,183,Lens,Centre-Back,32,01/07/2025,,0.25,4,0,0,223,1,0
344886,Matthieu Udol,https://www.transfermarkt.com/matthieu-udol/profil/spieler/344886,29,20/03/1996,Metz,France,178,Lens,Left-Back,14,15/07/2025,30/06/2028,5.0,25,1,8,2170,1,0
181380,Arthur Masuaku,https://www.transfermarkt.com/arthur-masuaku/profil/spieler/181380,32,07/11/1993,Lille,DR Congo,179,Lens,Left-Back,27,27/01/2026,30/06/2026,2.5,6,0,0,227,2,0
203746,Ruben Aguilar,https://www.transfermarkt.com/ruben-aguilar/profil/spieler/203746,32,26/04/1993,Grenoble,France,172,Lens,Right-Back,2,01/09/2023,30/06/2028,3.0,22,2,2,1537,3,0
631927,Saud Abdulhamid,https://www.transfermarkt.com/saud-abdulhamid/profil/spieler/631927,26,18/07/1999,Jeddah,Saudi Arabia,175,Lens,Right-Back,23,03/08/2025,30/06/2026,3.0,18,1,4,807,0,0
955359,Fodé Sylla,https://www.transfermarkt.com/fode-sylla/profil/spieler/955359,19,16/04/2006,Saint-Quentin,France,182,Lens,Defensive Midfield,18,01/07/2025,30/06/2028,1.0,3,0,0,77,0,0
808348,Mamadou Sangaré,https://www.transfermarkt.com/mamadou-sangare/profil/spieler/808348,23,26/06/2002,Bamako,Mali,181,Lens,Central Midfield,8,20/08/2025,30/06/2030,15.0,27,1,2,2194,7,0
402008,Amadou Haidara,https://www.transfermarkt.com/amadou-haidara/profil/spieler/402008,28,31/01/1998,Bamako,Mali,178,Lens,Central Midfield,21,01/01/2026,30/06/2029,6.0,2,0,0,57,0,0
215977,Adrien Thomasson,https://www.transfermarkt.com/adrien-thomasson/profil/spieler/215977,32,10/12/1993,Bourg-Saint-Maurice,France,175,Lens,Central Midfield,28,12/01/2023,30/06/2026,4.5,22,2,6,1923,7,0
986291,Andrija Bulatovic,https://www.transfermarkt.com/andrija-bulatovic/profil/spieler/986291,19,27/12/2006,Kolašin,Montenegro,180,Lens,Central Midfield,5,03/02/2025,30/06/2028,1.8,13,2,1,575,1,0
1047099,Alpha Diallo,https://www.transfermarkt.com/alpha-diallo/profil/spieler/1047099,19,25/02/2006,Paris,France,179,Lens,Attacking Midfield,31,01/07/2025,30/06/2027,0,61,9,1,4123,6,1
272642,Allan Saint-Maximin,https://www.transfermarkt.com/allan-saint-maximin/profil/spieler/272642,28,12/03/1997,Châtenay-Malabry,France,173,Lens,Left Winger,9,02/02/2026,30/06/2026,10.0,18,4,4,817,3,0
776798,Abdallah Sima,https://www.transfermarkt.com/abdallah-sima/profil/spieler/776798,24,17/06/2001,Dakar,Senegal,188,Lens,Left Winger,19,29/08/2025,30/06/2029,4.0,14,4,1,357,2,0
1088110,Anthony Bermont,https://www.transfermarkt.com/anthony-bermont/profil/spieler/1088110,21,10/02/2005,Beauvais,France,187,Lens,Left Winger,26,01/07/2024,30/06/2029,1.0,7,0,0,127,1,0
184892,Florian Thauvin,https://www.transfermarkt.com/florian-thauvin/profil/spieler/184892,33,26/01/1993,Orléans,France,181,Lens,Right Winger,10,08/08/2025,30/06/2028,5.0,23,6,4,1757,5,0
344152,Odsonne Édouard,https://www.transfermarkt.com/odsonne-edouard/profil/spieler/344152,28,16/01/1998,Kourou,France,187,Lens,Centre-Forward,11,01/09/2025,30/06/2028,8.0,22,9,3,1256,1,0
1160814,Rayan Fofana,https://www.transfermarkt.com/rayan-fofana/profil/spieler/1160814,20,12/02/2006,Paris,France,180,Lens,Centre-Forward,38,01/07/2025,30/06/2029,5.0,21,6,1,777,0,0
182916,Wesley Saïd,https://www.transfermarkt.com/wesley-said/profil/spieler/182916,30,19/04/1995,Noisy-le-Grand,France,171,Lens,Centre-Forward,22,01/07/2021,30/06/2026,4.0,25,10,2,1681,3,0
354726,Florian Sotoca,https://www.transfermarkt.com/florian-sotoca/profil/spieler/354726,35,25/10/1990,Narbonne,France,187,Lens,Centre-Forward,7,01/07/2019,30/06/2026,1.5,19,1,1,334,1,0
912902,Guillaume Restes,https://www.transfermarkt.com/guillaume-restes/profil/spieler/912902,20,11/03/2005,Toulouse,France,188,Toulouse,Goalkeeper,1,01/07/2023,30/06/2028,20.0,22,0,0,1980,3,0
328770,Kjetil Haug,https://www.transfermarkt.com/kjetil-haug/profil/spieler/328770,27,12/06/1998,Fredrikstad,Norway,191,Toulouse,Goalkeeper,16,01/07/2022,30/06/2026,0.5,3,0,0,270,2,0
524937,Álex Domínguez,https://www.transfermarkt.com/alex-dominguez/profil/spieler/524937,27,30/07/1998,Granollers,Spain,187,Toulouse,Goalkeeper,30,26/07/2023,30/06/2027,0.25,0,0,0,0,0,0
597659,Charlie Cresswell,https://www.transfermarkt.com/charlie-cresswell/profil/spieler/597659,23,17/08/2002,Preston,England,190,Toulouse,Centre-Back,4,08/07/2024,30/06/2028,15.0,23,3,3,2070,5,0
429259,Mark McKenzie,https://www.transfermarkt.com/mark-mckenzie/profil/spieler/429259,26,25/02/1999,"New York City, New ...",United States,184,Toulouse,Centre-Back,3,16/08/2024,30/06/2027,6.0,23,0,2,1907,5,0
283227,Rasmus Nicolaisen,https://www.transfermarkt.com/rasmus-nicolaisen/profil/spieler/283227,28,16/03/1997,Herning,Denmark,191,Toulouse,Centre-Back,2,17/08/2021,30/06/2027,5.0,23,0,1,1758,2,0
1075583,Seny Koumbassa,https://www.transfermarkt.com/seny-koumbassa/profil/spieler/1075583,18,20/06/2007,Toulouse,France,194,Toulouse,Centre-Back,35,01/07/2025,30/06/2028,0.1,8,0,0,516,1,0
1191444,Dayann Methalie,https://www.transfermarkt.com/dayann-methalie/profil/spieler/1191444,20,15/02/2006,Toulouse,France,188,Toulouse,Left-Back,24,01/07/2025,30/06/2030,8.0,19,0,1,1228,6,0
794758,Warren Kamanzi,https://www.transfermarkt.com/warren-kamanzi/profil/spieler/794758,25,11/11/2000,Namsos,Norway,177,Toulouse,Right-Back,12,02/01/2023,30/06/2026,1.5,15,0,1,479,0,0
161869,Djibril Sidibé,https://www.transfermarkt.com/djibril-sidibe/profil/spieler/161869,33,29/07/1992,Troyes,France,183,Toulouse,Right-Back,19,02/08/2024,30/06/2026,1.0,23,3,3,1526,1,0
467632,Cristian Cásseres Jr.,https://www.transfermarkt.com/cristian-casseres-jr-/profil/spieler/467632,26,20/01/2000,Caracas,Venezuela,176,Toulouse,Central Midfield,23,07/07/2023,30/06/2027,7.0,23,1,2,1896,5,0
949113,Pape Demba Diop,https://www.transfermarkt.com/pape-demba-diop/profil/spieler/949113,22,04/09/2003,Ouakam,Senegal,182,Toulouse,Central Midfield,18,07/01/2026,30/06/2026,4.0,17,1,1,1159,4,0
1200427,Alexis Vossah,https://www.transfermarkt.com/alexis-vossah/profil/spieler/1200427,17,11/03/2008,Alfortville,France,181,Toulouse,Central Midfield,45,01/07/2025,30/06/2028,3.0,16,1,1,695,1,1
658533,Abu Francis,https://www.transfermarkt.com/abu-francis/profil/spieler/658533,24,27/04/2001,Accra,Ghana,182,Toulouse,Central Midfield,17,06/08/2025,30/06/2029,2.0,8,0,0,532,2,0
710885,Mario Sauer,https://www.transfermarkt.com/mario-sauer/profil/spieler/710885,21,15/05/2004,Bratislava,Slovakia,180,Toulouse,Central Midfield,77,01/07/2025,,1.8,19,0,0,796,3,0
476836,Aron Dønnum,https://www.transfermarkt.com/aron-donnum/profil/spieler/476836,27,20/04/1998,Eidsvoll,Norway,178,Toulouse,Right Midfield,15,01/09/2023,30/06/2027,5.0,21,4,3,1861,5,0
883865,Rafik Messali,https://www.transfermarkt.com/rafik-messali/profil/spieler/883865,22,28/04/2003,Toulouse,Algeria,177,Toulouse,Right Midfield,22,01/07/2024,30/06/2028,0.8,14,0,0,667,3,0
463613,Yann Gboho,https://www.transfermarkt.com/yann-gboho/profil/spieler/463613,25,14/01/2001,Man,France,178,Toulouse,Left Winger,10,08/01/2024,30/06/2027,12.0,24,7,2,2075,1,0
807689,Frank Magri,https://www.transfermarkt.com/frank-magri/profil/spieler/807689,26,04/09/1999,,Cameroon,178,Toulouse,Centre-Forward,9,21/07/2023,30/06/2026,4.0,17,5,1,1264,3,0
743599,Emersonn,https://www.transfermarkt.com/emersonn/profil/spieler/743599,21,16/07/2004,Cachoeiro de ...,Brazil,193,Toulouse,Centre-Forward,20,01/09/2025,,4.0,21,5,2,1312,3,1
683625,Jacen Russell-Rowe,https://www.transfermarkt.com/jacen-russell-rowe/profil/spieler/683625,23,13/09/2002,"Toronto, Ontario",Canada,183,Toulouse,Centre-Forward,13,02/02/2026,30/06/2029,3.5,2,0,0,44,0,0
989574,Santiago Hidalgo,https://www.transfermarkt.com/santiago-hidalgo/profil/spieler/989574,21,17/02/2005,Santiago del Estero,Argentina,174,Toulouse,Centre-Forward,11,31/07/2025,30/06/2029,2.0,22,6,2,836,5,0
1234988,Julián Vignolo,https://www.transfermarkt.com/julian-vignolo/profil/spieler/1234988,19,07/12/2006,Arroyito,Argentina,185,Toulouse,Centre-Forward,7,20/08/2025,30/06/2029,1.0,12,2,0,285,0,0
652996,Said Hamulic,https://www.transfermarkt.com/said-hamulic/profil/spieler/652996,25,12/11/2000,Leiderdorp,Bosnia-Herzegovina,186,Toulouse,Centre-Forward,0,24/01/2023,30/06/2027,0.5,18,8,3,1151,2,0
1075572,Enzo Faty,https://www.transfermarkt.com/enzo-faty/profil/spieler/1075572,18,09/03/2007,Toulouse,France,189,Toulouse,Centre-Forward,21,01/07/2025,,0,16,5,0,1196,1,0
60561,Anthony Lopes,https://www.transfermarkt.com/anthony-lopes/profil/spieler/60561,35,01/10/1990,Givors,Portugal,184,FC Nantes,Goalkeeper,1,01/01/2025,30/06/2026,1.0,22,0,0,1979,3,0
190280,Patrik Carlgren,https://www.transfermarkt.com/patrik-carlgren/profil/spieler/190280,34,08/01/1992,Falun,Sweden,189,FC Nantes,Goalkeeper,30,30/08/2024,30/06/2026,0.5,3,0,0,181,0,0
928873,Alexis Mirbach,https://www.transfermarkt.com/alexis-mirbach/profil/spieler/928873,20,04/03/2005,Metz,France,192,FC Nantes,Goalkeeper,50,01/07/2025,30/06/2028,0.05,4,0,0,360,0,0
1241207,Tylel Tati,https://www.transfermarkt.com/tylel-tati/profil/spieler/1241207,18,19/01/2008,Champigny-sur-Marne,France,192,FC Nantes,Centre-Back,78,01/08/2025,30/06/2028,12.0,19,0,0,1652,5,0
962555,Abakar Sylla,https://www.transfermarkt.com/abakar-sylla/profil/spieler/962555,23,25/12/2002,Daloa,Cote d'Ivoire,188,FC Nantes,Centre-Back,4,02/02/2026,30/06/2026,3.0,5,0,0,184,1,0
358143,Chidozie Awaziem,https://www.transfermarkt.com/chidozie-awaziem/profil/spieler/358143,29,01/01/1997,Enugu,Nigeria,189,FC Nantes,Centre-Back,6,23/07/2025,30/06/2028,3.0,18,1,1,1606,7,0
944724,Ali Youssif,https://www.transfermarkt.com/ali-youssif/profil/spieler/944724,24,09/07/2001,Benghazi,Libya,188,FC Nantes,Centre-Back,2,19/01/2026,30/06/2028,0.8,16,2,0,1427,3,0
169511,Uros Radakovic,https://www.transfermarkt.com/uros-radakovic/profil/spieler/169511,31,31/03/1994,Belgrade,Serbia,194,FC Nantes,Centre-Back,26,01/07/2025,30/06/2027,0.5,5,0,0,111,0,0
825438,Sékou Doucouré,https://www.transfermarkt.com/sekou-doucoure/profil/spieler/825438,20,26/04/2005,Créteil,Mali,187,FC Nantes,Centre-Back,72,01/07/2025,30/06/2027,0.05,10,0,0,855,1,0
485965,Nicolas Cozza,https://www.transfermarkt.com/nicolas-cozza/profil/spieler/485965,27,08/01/1999,Ganges,France,178,FC Nantes,Left-Back,3,28/08/2024,30/06/2026,3.0,20,0,0,1493,0,0
332560,Deiver Machado,https://www.transfermarkt.com/deiver-machado/profil/spieler/332560,32,02/09/1993,Tadó,Colombia,180,FC Nantes,Left-Back,27,08/12/2025,30/06/2028,2.5,12,0,1,705,2,0
344072,Kelvin Amian,https://www.transfermarkt.com/kelvin-amian/profil/spieler/344072,28,08/02/1998,Toulouse,France,180,FC Nantes,Right-Back,98,25/01/2024,30/06/2028,2.5,23,0,1,2051,5,0
384859,Fabien Centonze,https://www.transfermarkt.com/fabien-centonze/profil/spieler/384859,30,16/01/1996,Voiron,France,182,FC Nantes,Right-Back,18,22/09/2022,30/06/2027,1.2,11,4,1,507,3,0
354352,Frédéric Guilbert,https://www.transfermarkt.com/frederic-guilbert/profil/spieler/354352,31,24/12/1994,Valognes,France,178,FC Nantes,Right-Back,24,28/01/2026,30/06/2026,0.8,1,0,0,45,0,0
585973,Johann Lepenant,https://www.transfermarkt.com/johann-lepenant/profil/spieler/585973,23,22/10/2002,Granville,France,176,FC Nantes,Defensive Midfield,8,01/07/2025,30/06/2029,7.0,18,0,1,1313,2,0
372712,Ibrahima Sissoko,https://www.transfermarkt.com/ibrahima-sissoko/profil/spieler/372712,28,27/10/1997,Meaux,Mali,193,FC Nantes,Defensive Midfield,28,12/01/2026,30/06/2028,3.0,12,3,0,685,4,0
74869,Francis Coquelin,https://www.transfermarkt.com/francis-coquelin/profil/spieler/74869,34,13/05/1991,Laval,France,177,FC Nantes,Defensive Midfield,13,31/01/2025,30/06/2026,0.8,10,0,0,379,1,0
1176215,Bahmed Deuff,https://www.transfermarkt.com/bahmed-deuff/profil/spieler/1176215,19,10/03/2006,Nouakchott,France,194,FC Nantes,Defensive Midfield,52,08/07/2025,30/06/2029,0.3,18,2,0,910,1,0
1004619,Dehmaine Tabibou,https://www.transfermarkt.com/dehmaine-tabibou/profil/spieler/1004619,20,17/04/2005,Drancy,France,183,FC Nantes,Central Midfield,17,01/07/2024,30/06/2030,2.0,20,0,0,1034,3,0
911328,Mohamed Kaba,https://www.transfermarkt.com/mohamed-kaba/profil/spieler/911328,24,27/10/2001,Orléans,France,185,FC Nantes,Central Midfield,21,29/01/2026,30/06/2026,1.5,20,1,1,862,3,0
1119456,Louis Leroux,https://www.transfermarkt.com/louis-leroux/profil/spieler/1119456,20,23/01/2006,Le Longeron,France,184,FC Nantes,Attacking Midfield,66,01/07/2024,30/06/2030,9.0,14,1,1,1020,1,0
113707,Rémy Cabella,https://www.transfermarkt.com/remy-cabella/profil/spieler/113707,35,08/03/1990,Ajaccio,France,172,FC Nantes,Attacking Midfield,20,01/01/2026,30/06/2026,1.5,17,1,3,976,2,0
1119453,Herba Guirassy,https://www.transfermarkt.com/herba-guirassy/profil/spieler/1119453,19,29/08/2006,Angers,France,186,FC Nantes,Left Winger,11,01/07/2024,30/06/2028,6.0,17,3,1,791,1,0
659543,Matthis Abline,https://www.transfermarkt.com/matthis-abline/profil/spieler/659543,22,28/03/2003,Angers,France,182,FC Nantes,Centre-Forward,10,03/07/2024,30/06/2028,20.0,24,6,5,1907,5,0
462348,Mostafa Mohamed,https://www.transfermarkt.com/mostafa-mohamed/profil/spieler/462348,28,28/11/1997,Giza,Egypt,185,FC Nantes,Centre-Forward,31,01/07/2023,30/06/2027,4.0,18,3,0,965,1,0
531949,Ignatius Ganago,https://www.transfermarkt.com/ignatius-ganago/profil/spieler/531949,27,16/02/1999,Douala,Cameroon,176,FC Nantes,Centre-Forward,37,01/09/2022,30/06/2027,2.0,3,0,0,58,0,0
1155608,Amady Camara,https://www.transfermarkt.com/amady-camara/profil/spieler/1155608,20,28/05/2005,Bamako,Mali,180,FC Nantes,Centre-Forward,14,09/08/2025,30/06/2026,1.2,11,1,0,223,0,0
96533,Youssef El Arabi,https://www.transfermarkt.com/youssef-el-arabi/profil/spieler/96533,39,03/02/1987,Caen,Morocco,183,FC Nantes,Centre-Forward,19,18/07/2025,30/06/2026,0.15,22,4,1,878,0,0
346546,Radoslaw Majecki,https://www.transfermarkt.com/radoslaw-majecki/profil/spieler/346546,26,16/11/1999,Starachowice,Poland,193,Stade Brestois,Goalkeeper,1,09/08/2025,30/06/2026,4.0,10,0,0,865,0,1
525155,Grégoire Coudert,https://www.transfermarkt.com/gregoire-coudert/profil/spieler/525155,26,03/04/1999,Rodez,France,192,Stade Brestois,Goalkeeper,30,05/07/2021,30/06/2027,0.8,14,0,0,1201,0,0
975438,Noah Jauny,https://www.transfermarkt.com/noah-jauny/profil/spieler/975438,21,26/08/2004,Dublin,Ireland,194,Stade Brestois,Goalkeeper,50,01/07/2024,30/06/2027,0,10,0,0,813,1,1
659513,Soumaïla Coulibaly,https://www.transfermarkt.com/soumaila-coulibaly/profil/spieler/659513,22,14/10/2003,Montfermeil,France,191,Stade Brestois,Centre-Back,44,04/10/2025,30/06/2026,7.0,13,0,0,1067,3,0
1009596,Junior Diaz,https://www.transfermarkt.com/junior-diaz/profil/spieler/1009596,22,23/07/2003,Saint-Herblain,Cote d'Ivoire,193,Stade Brestois,Centre-Back,4,13/07/2025,30/06/2026,5.0,12,0,1,934,1,0
250779,Brendan Chardonnet,https://www.transfermarkt.com/brendan-chardonnet/profil/spieler/250779,31,22/12/1994,Saint-Renan,France,181,Stade Brestois,Centre-Back,5,01/07/2013,30/06/2027,5.0,21,0,3,1804,4,0
1166473,Raphaël Le Guen,https://www.transfermarkt.com/raphael-le-guen/profil/spieler/1166473,19,01/09/2006,,France,196,Stade Brestois,Centre-Back,71,21/01/2026,30/06/2029,0.05,10,0,1,814,1,0
805908,Bradley Locko,https://www.transfermarkt.com/bradley-locko/profil/spieler/805908,23,06/05/2002,Ivry-sur-Seine,France,180,Stade Brestois,Left-Back,2,27/07/2023,30/06/2027,7.0,16,0,1,1102,0,0
671590,Daouda Guindo,https://www.transfermarkt.com/daouda-guindo/profil/spieler/671590,23,14/10/2002,Bamako,Mali,183,Stade Brestois,Left-Back,27,26/08/2025,30/06/2026,2.0,17,0,0,997,3,0
1144999,Luck Zogbé,https://www.transfermarkt.com/luck-zogbe/profil/spieler/1144999,20,24/03/2005,Vieil Ousrou,Cote d'Ivoire,178,Stade Brestois,Right-Back,12,26/10/2023,30/06/2029,2.0,7,0,0,254,0,0
174196,Kenny Lala,https://www.transfermarkt.com/kenny-lala/profil/spieler/174196,34,03/10/1991,Villepinte,France,178,Stade Brestois,Right-Back,77,01/01/2023,30/06/2027,1.8,22,0,1,1897,4,0
624037,Joris Chotard,https://www.transfermarkt.com/joris-chotard/profil/spieler/624037,24,24/09/2001,Orange,France,179,Stade Brestois,Defensive Midfield,13,23/08/2025,30/06/2029,6.0,23,2,0,1849,1,0
1200289,Hamidou Makalou,https://www.transfermarkt.com/hamidou-makalou/profil/spieler/1200289,19,15/07/2006,Bamako,Mali,164,Stade Brestois,Defensive Midfield,33,15/03/2025,30/06/2029,0.8,13,0,0,394,1,0
474662,Hugo Magnetti,https://www.transfermarkt.com/hugo-magnetti/profil/spieler/474662,27,30/05/1998,Marseille,France,180,Stade Brestois,Central Midfield,8,01/07/2018,30/06/2027,6.0,21,1,0,1735,3,0
353948,Lucas Tousart,https://www.transfermarkt.com/lucas-tousart/profil/spieler/353948,28,29/04/1997,Arras,France,184,Stade Brestois,Central Midfield,24,01/09/2025,30/06/2027,2.0,15,0,1,527,0,0
536482,Junior Dina Ebimbe,https://www.transfermarkt.com/junior-dina-ebimbe/profil/spieler/536482,25,21/11/2000,Stains,Cameroon,184,Stade Brestois,Right Midfield,7,01/09/2025,30/06/2026,6.0,16,2,0,472,1,0
671594,Kamory Doumbia,https://www.transfermarkt.com/kamory-doumbia/profil/spieler/671594,23,18/02/2003,Bamako,Mali,170,Stade Brestois,Attacking Midfield,23,30/08/2024,30/06/2029,7.0,16,5,2,1207,5,0
979551,Pathé Mboup,https://www.transfermarkt.com/pathe-mboup/profil/spieler/979551,22,19/10/2003,Mbao,Senegal,175,Stade Brestois,Left Winger,99,31/08/2025,30/06/2030,3.0,22,2,1,1131,5,0
353399,Romain Del Castillo,https://www.transfermarkt.com/romain-del-castillo/profil/spieler/353399,29,29/03/1996,Lyon,France,172,Stade Brestois,Right Winger,10,31/08/2021,30/06/2027,7.0,21,7,3,1733,1,1
325223,Mama Baldé,https://www.transfermarkt.com/mama-balde/profil/spieler/325223,30,06/11/1995,Bissau,Guinea-Bissau,176,Stade Brestois,Centre-Forward,17,30/08/2024,30/06/2027,3.5,14,2,2,726,0,0
283994,Ludovic Ajorque,https://www.transfermarkt.com/ludovic-ajorque/profil/spieler/283994,31,25/02/1994,Saint-Joseph,France,196,Stade Brestois,Centre-Forward,19,01/07/2025,30/06/2027,3.5,21,3,8,1834,7,1
917778,Rémy Labeau Lascary,https://www.transfermarkt.com/remy-labeau-lascary/profil/spieler/917778,22,03/03/2003,Les Abymes,France,184,Stade Brestois,Centre-Forward,14,31/08/2025,30/06/2026,1.8,17,5,1,804,2,0
1237907,Saliou Diop,https://www.transfermarkt.com/saliou-diop/profil/spieler/1237907,20,12/05/2005,,Senegal,187,Stade Brestois,Centre-Forward,29,01/07/2025,30/06/2026,0.05,12,4,0,752,2,0
147051,Yvon Mvogo,https://www.transfermarkt.com/yvon-mvogo/profil/spieler/147051,31,06/06/1994,Yaounde,Switzerland,190,FC Lorient,Goalkeeper,38,13/07/2022,30/06/2027,3.0,19,0,0,1710,0,0
333175,Bingourou Kamara,https://www.transfermarkt.com/bingourou-kamara/profil/spieler/333175,29,21/10/1996,Longjumeau,Senegal,195,FC Lorient,Goalkeeper,21,25/07/2025,30/06/2027,0.7,6,0,0,540,0,0
124901,Benjamin Leroy,https://www.transfermarkt.com/benjamin-leroy/profil/spieler/124901,36,07/04/1989,Cucq,France,184,FC Lorient,Goalkeeper,1,05/07/2024,30/06/2026,0.1,0,0,0,0,0,0
496706,Montassar Talbi,https://www.transfermarkt.com/montassar-talbi/profil/spieler/496706,27,26/05/1998,Paris,Tunisia,190,FC Lorient,Centre-Back,3,18/07/2022,30/06/2027,7.0,22,0,1,1980,2,0
807165,Bamo Meïté,https://www.transfermarkt.com/bamo-meite/profil/spieler/807165,24,03/12/2001,Kani,Cote d'Ivoire,184,FC Lorient,Centre-Back,5,01/09/2025,30/06/2026,4.0,20,0,2,1513,3,0
1182738,Abdoulaye Faye,https://www.transfermarkt.com/abdoulaye-faye/profil/spieler/1182738,21,22/09/2004,Kaolack,Senegal,191,FC Lorient,Centre-Back,25,29/07/2025,30/06/2026,3.0,8,0,0,603,6,0
708678,Isaak Touré,https://www.transfermarkt.com/isaak-toure/profil/spieler/708678,22,28/03/2003,Gonesse,France,206,FC Lorient,Centre-Back,95,01/09/2023,30/06/2028,2.5,3,0,0,135,0,1
646829,Nathaniel Adjei,https://www.transfermarkt.com/nathaniel-adjei/profil/spieler/646829,23,21/08/2002,Teshie,Ghana,191,FC Lorient,Centre-Back,32,01/07/2024,30/06/2026,1.2,10,0,0,489,0,0
1088199,Arsène Kouassi,https://www.transfermarkt.com/arsene-kouassi/profil/spieler/1088199,22,02/01/2004,Cocody,Burkina Faso,178,FC Lorient,Left-Back,43,24/07/2025,30/06/2029,7.0,22,2,5,1858,3,0
717118,Darlin Yongwa,https://www.transfermarkt.com/darlin-yongwa/profil/spieler/717118,25,22/09/2000,Douala,Cameroon,177,FC Lorient,Left-Back,44,01/07/2022,30/06/2026,4.0,17,0,0,980,2,1
391720,Igor Silva,https://www.transfermarkt.com/igor-silva/profil/spieler/391720,29,21/08/1996,Niterói,Brazil,173,FC Lorient,Right-Back,2,23/07/2021,30/06/2026,1.0,14,1,2,1199,1,0
238626,Laurent Abergel,https://www.transfermarkt.com/laurent-abergel/profil/spieler/238626,33,01/02/1993,Marseille,France,170,FC Lorient,Defensive Midfield,6,26/07/2019,30/06/2029,2.0,22,1,0,1917,6,0
1074628,Arthur Avom,https://www.transfermarkt.com/arthur-avom/profil/spieler/1074628,21,15/12/2004,Yaoundé,Cameroon,173,FC Lorient,Central Midfield,62,01/07/2024,30/06/2026,9.0,21,0,1,1513,4,0
691958,Noah Cadiou,https://www.transfermarkt.com/noah-cadiou/profil/spieler/691958,27,26/10/1998,Lille,Guadeloupe,191,FC Lorient,Central Midfield,8,04/07/2025,30/06/2029,1.0,18,1,1,958,0,0
766412,Théo Le Bris,https://www.transfermarkt.com/theo-le-bris/profil/spieler/766412,23,01/10/2002,Rennes,France,170,FC Lorient,Right Midfield,11,01/07/2022,30/06/2027,2.0,24,2,3,1607,0,0
816308,Panos Katseris,https://www.transfermarkt.com/panos-katseris/profil/spieler/816308,24,05/07/2001,Athens,Greece,187,FC Lorient,Right Midfield,77,23/01/2024,30/06/2028,2.0,6,0,0,201,1,0
969447,Dermane Karim,https://www.transfermarkt.com/dermane-karim/profil/spieler/969447,22,26/12/2003,Sokodé,Togo,178,FC Lorient,Attacking Midfield,29,09/08/2025,30/06/2026,3.0,22,2,2,1088,3,0
322305,Jean-Victor Makengo,https://www.transfermarkt.com/jean-victor-makengo/profil/spieler/322305,27,12/06/1998,Étampes,France,177,FC Lorient,Attacking Midfield,17,30/01/2023,30/06/2027,2.5,23,3,2,1264,0,0
590914,Bandiougou Fadiga,https://www.transfermarkt.com/bandiougou-fadiga/profil/spieler/590914,25,15/01/2001,Paris,France,178,FC Lorient,Attacking Midfield,7,14/08/2024,30/06/2028,0.25,4,0,0,160,0,0
810411,Pablo Pagis,https://www.transfermarkt.com/pablo-pagis/profil/spieler/810411,23,29/12/2002,Montbéliard,France,180,FC Lorient,Left Winger,10,01/07/2022,30/06/2027,5.0,22,7,0,1265,1,0
1011152,Trevan Sanusi,https://www.transfermarkt.com/trevan-sanusi/profil/spieler/1011152,18,25/04/2007,,England,178,FC Lorient,Left Winger,14,01/09/2025,30/06/2026,0.5,8,1,1,493,1,0
704270,Sambou Soumano,https://www.transfermarkt.com/sambou-soumano/profil/spieler/704270,25,03/01/2001,Dakar,Senegal,182,FC Lorient,Centre-Forward,28,01/01/2022,30/06/2026,4.0,22,4,2,897,2,0
619461,Mohamed Bamba,https://www.transfermarkt.com/mohamed-bamba/profil/spieler/619461,24,10/12/2001,Bouaké,Cote d'Ivoire,185,FC Lorient,Centre-Forward,9,26/01/2024,30/06/2028,2.5,19,3,2,752,3,0
239647,Aiyegun Tosin,https://www.transfermarkt.com/aiyegun-tosin/profil/spieler/239647,27,26/06/1998,Lagos,Benin,179,FC Lorient,Centre-Forward,15,25/07/2023,30/06/2027,2.0,16,3,0,762,1,0
822458,Bamba Dieng,https://www.transfermarkt.com/bamba-dieng/profil/spieler/822458,25,23/03/2000,Pikine,Senegal,178,FC Lorient,Centre-Forward,12,27/01/2023,30/06/2026,1.8,13,9,1,614,2,0
170911,Donovan Léon,https://www.transfermarkt.com/donovan-leon/profil/spieler/170911,33,03/11/1992,Cayenne,French Guiana,187,AJ Auxerre,Goalkeeper,16,01/07/2020,30/06/2027,0.9,20,0,0,1755,0,1
695422,Théo De Percin,https://www.transfermarkt.com/theo-de-percin/profil/spieler/695422,25,02/02/2001,Tarbes,France,185,AJ Auxerre,Goalkeeper,40,17/03/2021,30/06/2028,0.3,4,0,0,315,0,0
866916,Tom Negrel,https://www.transfermarkt.com/tom-negrel/profil/spieler/866916,22,13/04/2003,Nîmes,France,192,AJ Auxerre,Goalkeeper,30,10/07/2024,30/06/2026,0.05,10,0,0,900,0,0
1167216,Louis Mezerette,https://www.transfermarkt.com/louis-mezerette/profil/spieler/1167216,19,30/08/2006,Le Mans,France,0,AJ Auxerre B,Goalkeeper,0,01/07/2025,30/06/2028,0,3,0,0,270,0,0
806793,Clément Akpa,https://www.transfermarkt.com/clement-akpa/profil/spieler/806793,24,24/11/2001,Meudon,Cote d'Ivoire,181,AJ Auxerre,Centre-Back,92,01/07/2022,30/06/2028,8.0,20,0,0,1680,2,0
702441,Sinaly Diomandé,https://www.transfermarkt.com/sinaly-diomande/profil/spieler/702441,24,09/04/2001,Yopougon,Cote d'Ivoire,184,AJ Auxerre,Centre-Back,20,30/08/2024,30/06/2027,4.0,12,1,0,1054,1,0
371436,Francisco Sierralta,https://www.transfermarkt.com/francisco-sierralta/profil/spieler/371436,28,06/05/1997,Las Condes,Chile,192,AJ Auxerre,Centre-Back,4,01/07/2025,30/06/2029,1.5,11,1,0,952,2,0
539795,Bryan Okoh,https://www.transfermarkt.com/bryan-okoh/profil/spieler/539795,22,16/05/2003,"Houston, Texas",Switzerland,191,AJ Auxerre,Centre-Back,24,29/01/2026,30/06/2029,1.2,31,1,4,2260,5,0
1091353,Telli Siwe,https://www.transfermarkt.com/telli-siwe/profil/spieler/1091353,21,14/12/2004,Saint-Maurice,France,0,AJ Auxerre,Centre-Back,13,01/07/2025,30/06/2029,1.0,4,0,0,270,0,0
1291928,Elikya Legros,https://www.transfermarkt.com/elikya-legros/profil/spieler/1291928,17,06/06/2008,Rouen,France,0,AJ Auxerre B,Centre-Back,0,01/07/2025,30/06/2028,0,12,0,0,1006,2,0
1144938,Alvin Petit Dol,https://www.transfermarkt.com/alvin-petit-dol/profil/spieler/1144938,19,07/11/2006,Paris,France,193,AJ Auxerre B,Centre-Back,0,01/07/2025,,0,9,0,0,810,3,0
397171,Gideon Mensah,https://www.transfermarkt.com/gideon-mensah/profil/spieler/397171,27,18/07/1998,Accra,Ghana,178,AJ Auxerre,Left-Back,14,13/08/2022,30/06/2026,3.5,20,0,0,1497,5,0
539665,Fredrik Oppegård,https://www.transfermarkt.com/fredrik-oppegard/profil/spieler/539665,23,07/08/2002,Oslo,Norway,175,AJ Auxerre,Left-Back,22,29/01/2025,30/06/2028,0.6,15,0,0,747,1,1
830890,Marvin Senaya,https://www.transfermarkt.com/marvin-senaya/profil/spieler/830890,25,28/01/2001,Saint-Maurice,France,181,AJ Auxerre,Right-Back,29,01/07/2025,30/06/2029,3.0,17,0,0,1396,5,0
796865,Lamine Sy,https://www.transfermarkt.com/lamine-sy/profil/spieler/796865,23,10/08/2002,Les Mureaux,France,171,AJ Auxerre,Right-Back,27,01/07/2025,30/06/2029,0.8,15,0,2,985,1,0
395695,Elisha Owusu,https://www.transfermarkt.com/elisha-owusu/profil/spieler/395695,28,07/11/1997,Montreuil,Ghana,182,AJ Auxerre,Defensive Midfield,42,16/01/2023,30/06/2027,3.5,17,0,0,1269,5,0
531065,Oussama El Azzouzi,https://www.transfermarkt.com/oussama-el-azzouzi/profil/spieler/531065,24,29/05/2001,Veenendaal,Morocco,189,AJ Auxerre,Defensive Midfield,17,01/08/2025,30/06/2026,1.8,11,1,0,814,1,1
287635,Assane Dioussé,https://www.transfermarkt.com/assane-diousse/profil/spieler/287635,28,20/09/1997,Dakar,Senegal,175,AJ Auxerre,Defensive Midfield,18,10/08/2023,30/06/2026,0.6,15,1,0,295,3,0
743523,Nathan Buayi-Kiala,https://www.transfermarkt.com/nathan-buayi-kiala/profil/spieler/743523,21,29/02/2004,Lille,France,177,AJ Auxerre,Defensive Midfield,0,01/07/2024,30/06/2026,0.1,66,0,4,4960,6,0
743496,Kévin Danois,https://www.transfermarkt.com/kevin-danois/profil/spieler/743496,21,28/06/2004,Basse-Terre,France,183,AJ Auxerre,Central Midfield,5,01/07/2022,30/06/2029,10.0,22,2,1,1847,4,0
538971,Naouirou Ahamada,https://www.transfermarkt.com/naouirou-ahamada/profil/spieler/538971,23,29/03/2002,Marseille,France,183,AJ Auxerre,Central Midfield,8,07/01/2026,30/06/2027,3.5,9,1,0,614,0,0
1174032,Tidiane Devernois,https://www.transfermarkt.com/tidiane-devernois/profil/spieler/1174032,18,18/10/2007,Évry-Courcouronnes,France,187,AJ Auxerre B,Central Midfield,0,01/07/2024,30/06/2028,0.05,9,2,0,604,1,0
555076,Romain Faivre,https://www.transfermarkt.com/romain-faivre/profil/spieler/555076,27,14/07/1998,Asnières-sur-Seine,France,180,AJ Auxerre,Attacking Midfield,28,15/01/2026,30/06/2026,5.0,9,1,1,280,0,0
392767,Danny Namaso,https://www.transfermarkt.com/danny-namaso/profil/spieler/392767,25,28/08/2000,Reading,Cameroon,182,AJ Auxerre,Left Winger,19,17/08/2025,30/06/2026,5.0,18,2,1,1536,5,0
763182,Josué Casimir,https://www.transfermarkt.com/josue-casimir/profil/spieler/763182,24,24/09/2001,Baie-Mahault,Haiti,178,AJ Auxerre,Right Winger,7,01/07/2025,30/06/2028,3.5,20,0,0,1121,3,0
658534,Lasso Coulibaly,https://www.transfermarkt.com/lasso-coulibaly/profil/spieler/658534,23,19/10/2002,Bouaké,Cote d'Ivoire,176,AJ Auxerre,Right Winger,21,01/07/2024,30/06/2028,0.9,15,0,0,308,1,0
569140,Lassine Sinayoko,https://www.transfermarkt.com/lassine-sinayoko/profil/spieler/569140,26,08/12/1999,Bamako,Mali,186,AJ Auxerre,Centre-Forward,10,01/07/2019,30/06/2027,7.0,21,6,3,1806,5,0
557612,Sékou Mara,https://www.transfermarkt.com/sekou-mara/profil/spieler/557612,23,30/07/2002,Paris,France,183,AJ Auxerre,Centre-Forward,9,05/09/2025,30/06/2026,4.0,18,0,1,822,0,0
1010856,Ryan Rodin,https://www.transfermarkt.com/ryan-rodin/profil/spieler/1010856,19,02/03/2006,Bourg-la-Reine,France,194,AJ Auxerre B,Centre-Forward,0,01/01/2025,30/06/2028,0.05,14,4,1,1013,1,1
164904,Mory Diaw,https://www.transfermarkt.com/mory-diaw/profil/spieler/164904,32,22/06/1993,Poissy,Senegal,197,Le Havre AC,Goalkeeper,99,12/07/2025,30/06/2027,1.0,18,0,0,1575,0,0
164915,Lionel Mpasi-Nzau,https://www.transfermarkt.com/lionel-mpasi-nzau/profil/spieler/164915,31,01/08/1994,Meaux,DR Congo,182,Le Havre AC,Goalkeeper,77,13/07/2025,30/06/2027,0.4,4,0,0,315,1,0
988275,Paul Argney,https://www.transfermarkt.com/paul-argney/profil/spieler/988275,19,23/05/2006,Granville,France,186,Le Havre AC,Goalkeeper,50,01/07/2024,30/06/2027,0.05,2,0,0,180,0,0
768380,Arouna Sangante,https://www.transfermarkt.com/arouna-sangante/profil/spieler/768380,23,12/04/2002,Mbao,Senegal,189,Le Havre AC,Centre-Back,93,01/07/2021,30/06/2026,8.0,21,1,1,1729,3,1
249636,Gautier Lloris,https://www.transfermarkt.com/gautier-lloris/profil/spieler/249636,30,18/07/1995,Nice,France,191,Le Havre AC,Centre-Back,4,12/07/2022,30/06/2026,3.0,20,1,1,1572,1,1
639712,Étienne Youté Kinkoué,https://www.transfermarkt.com/etienne-youte-kinkoue/profil/spieler/639712,24,14/01/2002,Lyon,France,196,Le Havre AC,Centre-Back,6,11/01/2023,30/06/2026,3.0,7,0,0,324,2,0
1228317,Stephan Zagadou,https://www.transfermarkt.com/stephan-zagadou/profil/spieler/1228317,17,24/10/2008,Créteil,France,186,Le Havre AC,Centre-Back,29,01/07/2025,,0.1,4,1,0,329,0,0
691841,Yanis Zouaoui,https://www.transfermarkt.com/yanis-zouaoui/profil/spieler/691841,27,28/04/1998,Marseille,France,183,Le Havre AC,Left-Back,18,05/07/2024,30/06/2027,1.8,20,0,1,1641,4,0
798925,Fodé Doucouré,https://www.transfermarkt.com/fode-doucoure/profil/spieler/798925,25,03/02/2001,Bamako,Mali,172,Le Havre AC,Right-Back,13,22/07/2025,30/06/2027,2.0,18,2,1,751,0,0
538998,Timothée Pembélé,https://www.transfermarkt.com/timothee-pembele/profil/spieler/538998,23,09/09/2002,Beaumont-sur-Oise,France,183,Le Havre AC,Right-Back,32,06/01/2026,30/06/2026,2.0,5,0,0,180,0,0
122840,Loïc Nego,https://www.transfermarkt.com/loic-nego/profil/spieler/122840,35,15/01/1991,Paris,Hungary,181,Le Havre AC,Right-Back,7,01/07/2023,30/06/2026,0.6,22,0,0,1847,2,0
620313,Lucas Gourna-Douath,https://www.transfermarkt.com/lucas-gourna-douath/profil/spieler/620313,22,05/08/2003,Villeneuve-Saint-Geo...,France,185,Le Havre AC,Defensive Midfield,19,16/01/2026,30/06/2026,4.0,9,0,0,552,3,0
405389,Ayumu Seko,https://www.transfermarkt.com/ayumu-seko/profil/spieler/405389,25,07/06/2000,"Osaka, Osaka",Japan,186,Le Havre AC,Defensive Midfield,15,22/07/2025,30/06/2027,3.0,20,0,0,1725,3,0
181382,Abdoulaye Touré,https://www.transfermarkt.com/abdoulaye-toure/profil/spieler/181382,31,03/03/1994,Nantes,Guinea,188,Le Havre AC,Defensive Midfield,94,26/07/2023,30/06/2026,3.0,11,2,0,741,2,0
1119880,Daren Mosengo,https://www.transfermarkt.com/daren-mosengo/profil/spieler/1119880,19,11/08/2006,Rennes,France,188,Le Havre AC,Defensive Midfield,78,01/07/2025,,0.05,6,0,0,146,0,0
667967,Yassine Kechta,https://www.transfermarkt.com/yassine-kechta/profil/spieler/667967,23,25/02/2002,Paris,Morocco,174,Le Havre AC,Central Midfield,8,01/07/2022,30/06/2026,5.0,21,1,1,1059,2,0
662242,Rassoul Ndiaye,https://www.transfermarkt.com/rassoul-ndiaye/profil/spieler/662242,24,11/12/2001,Besançon,Senegal,179,Le Havre AC,Central Midfield,14,17/07/2023,30/06/2028,5.0,23,3,3,1722,1,0
770436,Simon Ebonog,https://www.transfermarkt.com/simon-ebonog/profil/spieler/770436,21,16/08/2004,Yaoundé,France,180,Le Havre AC,Central Midfield,26,01/07/2024,30/06/2029,1.0,20,0,0,1079,4,0
1119877,Guy-Noël Zohouri,https://www.transfermarkt.com/guy-noel-zohouri/profil/spieler/1119877,19,01/02/2007,Saint-Maurice,Cote d'Ivoire,188,Le Havre AC,Central Midfield,24,01/07/2025,30/06/2027,0,0,0,0,0,0,0
232271,Sofiane Boufal,https://www.transfermarkt.com/sofiane-boufal/profil/spieler/232271,32,17/09/1993,Paris,Morocco,175,Le Havre AC,Attacking Midfield,17,14/01/2026,30/06/2026,2.0,20,0,4,550,2,0
405686,Reda Khadra,https://www.transfermarkt.com/reda-khadra/profil/spieler/405686,24,04/07/2001,Berlin,Germany,175,Le Havre AC,Attacking Midfield,30,01/09/2025,30/06/2026,1.8,7,0,0,227,0,0
568698,Issa Soumaré,https://www.transfermarkt.com/issa-soumare/profil/spieler/568698,25,10/10/2000,Podor,Senegal,184,Le Havre AC,Left Winger,45,04/07/2023,30/06/2026,5.0,23,6,2,1959,2,0
507496,Felix Mambimbi,https://www.transfermarkt.com/felix-mambimbi/profil/spieler/507496,25,18/01/2001,Fribourg,Switzerland,171,Le Havre AC,Left Winger,10,11/07/2025,30/06/2027,0.6,15,1,0,482,1,0
651973,Godson Kyeremeh,https://www.transfermarkt.com/godson-kyeremeh/profil/spieler/651973,25,14/06/2000,Melun,France,177,Le Havre AC,Right Winger,11,11/07/2025,30/06/2027,0.8,11,0,1,384,0,0
182201,Ally Samatta,https://www.transfermarkt.com/ally-samatta/profil/spieler/182201,33,23/12/1992,Dar es Salam,Tanzania,183,Le Havre AC,Centre-Forward,25,05/08/2025,30/06/2026,0.8,15,0,0,857,4,0
1162654,Noam Obougou,https://www.transfermarkt.com/noam-obougou/profil/spieler/1162654,19,15/03/2006,Besançon,France,0,Le Havre AC,Centre-Forward,20,14/01/2026,,0.15,6,1,0,111,0,0
1178695,Kenny Quetant,https://www.transfermarkt.com/kenny-quetant/profil/spieler/1178695,19,17/07/2006,Paris,France,189,Le Havre AC,Centre-Forward,33,01/01/2026,30/06/2026,0.15,6,1,0,330,1,0
542452,Jonathan Fischer,https://www.transfermarkt.com/jonathan-fischer/profil/spieler/542452,24,09/11/2001,,Denmark,198,FC Metz,Goalkeeper,1,29/07/2025,30/06/2029,3.0,22,0,0,1903,0,0
568728,Pape Sy,https://www.transfermarkt.com/pape-sy/profil/spieler/568728,28,02/05/1997,Louga,Senegal,206,FC Metz,Goalkeeper,61,26/07/2024,30/06/2026,0.3,1,0,0,77,0,0
666975,Ousmane Ba,https://www.transfermarkt.com/ousmane-ba/profil/spieler/666975,23,06/06/2002,Rufisque,Senegal,187,FC Metz,Goalkeeper,40,10/09/2025,30/06/2027,0.1,4,0,0,360,1,0
1111777,Sadibou Sané,https://www.transfermarkt.com/sadibou-sane/profil/spieler/1111777,21,10/06/2004,Diouloulou,Senegal,182,FC Metz,Centre-Back,38,22/07/2023,30/06/2027,4.0,12,2,0,951,2,2
991054,Terry Yegbe,https://www.transfermarkt.com/terry-yegbe/profil/spieler/991054,25,25/01/2001,Akatsi,Ghana,195,FC Metz,Centre-Back,15,30/08/2025,30/06/2029,3.0,16,0,1,1338,2,0
182894,Jean-Philippe Gbamin,https://www.transfermarkt.com/jean-philippe-gbamin/profil/spieler/182894,30,25/09/1995,San-Pédro,Cote d'Ivoire,186,FC Metz,Centre-Back,5,15/07/2025,30/06/2026,2.0,19,1,1,1560,0,1
1038308,Michel Mboula,https://www.transfermarkt.com/michel-mboula/profil/spieler/1038308,22,30/04/2003,Libreville,Gabon,185,FC Metz,Centre-Back,4,01/07/2025,30/06/2028,1.0,9,0,0,632,0,0
296422,Fodé Ballo-Touré,https://www.transfermarkt.com/fode-ballo-toure/profil/spieler/296422,29,03/01/1997,Conflans-Sainte-Hono...,Senegal,182,FC Metz,Left-Back,97,03/09/2025,30/06/2026,1.0,11,0,0,755,2,0
1041555,Yannis Lawson,https://www.transfermarkt.com/yannis-lawson/profil/spieler/1041555,21,22/11/2004,,Belgium,179,FC Metz,Left-Back,27,03/07/2025,30/06/2028,0.25,9,0,0,679,3,0
481513,Koffi Kouao,https://www.transfermarkt.com/koffi-kouao/profil/spieler/481513,27,20/05/1998,Abidjan,Cote d'Ivoire,173,FC Metz,Right-Back,39,12/08/2022,30/06/2026,2.5,21,1,2,1771,8,0
190685,Bouna Sarr,https://www.transfermarkt.com/bouna-sarr/profil/spieler/190685,34,31/01/1992,Lyon,Senegal,178,FC Metz,Right-Back,70,02/02/2026,30/06/2026,0.4,0,0,0,0,0,0
156618,Maxime Colin,https://www.transfermarkt.com/maxime-colin/profil/spieler/156618,34,15/11/1991,Arras,France,180,FC Metz,Right-Back,2,27/07/2023,30/06/2027,0.3,17,0,0,1232,1,0
1099860,Cléo Mélières,https://www.transfermarkt.com/cleo-melieres/profil/spieler/1099860,20,13/04/2005,Besançon,France,0,FC Metz,Right-Back,25,01/07/2025,30/06/2026,0.1,7,0,0,405,1,0
649020,Boubacar Traoré,https://www.transfermarkt.com/boubacar-traore/profil/spieler/649020,24,20/08/2001,Bamako,Mali,183,FC Metz,Defensive Midfield,8,24/07/2025,30/06/2026,5.0,18,3,0,1281,2,0
1178489,Alpha Touré,https://www.transfermarkt.com/alpha-toure/profil/spieler/1178489,20,25/01/2006,Kaolack,Senegal,180,FC Metz,Defensive Midfield,12,12/07/2024,30/06/2028,2.0,25,0,1,1214,2,0
127160,Benjamin Stambouli,https://www.transfermarkt.com/benjamin-stambouli/profil/spieler/127160,35,13/08/1990,Marseille,France,180,FC Metz,Defensive Midfield,21,10/09/2024,30/06/2026,0.3,16,0,0,858,0,0
539232,Jessy Deminguet,https://www.transfermarkt.com/jessy-deminguet/profil/spieler/539232,28,07/01/1998,Lisieux,France,178,FC Metz,Central Midfield,20,01/07/2025,30/06/2028,2.5,22,1,1,1388,4,0
1297673,Believe Munongo,https://www.transfermarkt.com/believe-munongo/profil/spieler/1297673,16,23/11/2009,Metz,France,191,FC Metz,Central Midfield,33,01/01/2026,30/06/2027,1.0,11,0,0,722,1,0
860053,Ismaël Guerti,https://www.transfermarkt.com/ismael-guerti/profil/spieler/860053,21,30/07/2004,Argenteuil,Morocco,178,FC Metz,Attacking Midfield,29,01/07/2025,30/06/2027,0.1,13,3,2,840,1,0
810909,Lucas Michal,https://www.transfermarkt.com/lucas-michal/profil/spieler/810909,20,22/06/2005,Bourg-la-Reine,France,185,FC Metz,Left Winger,19,02/02/2026,30/06/2026,2.5,6,0,0,179,1,0
677057,Giorgi Abuashvili,https://www.transfermarkt.com/giorgi-abuashvili/profil/spieler/677057,23,08/02/2003,Tiflis,Georgia,175,FC Metz,Left Winger,9,17/07/2025,30/06/2026,1.2,18,1,0,590,1,0
344892,Gauthier Hein,https://www.transfermarkt.com/gauthier-hein/profil/spieler/344892,29,07/08/1996,Thionville,France,170,FC Metz,Right Winger,10,15/08/2024,30/06/2028,5.0,22,6,5,1776,1,0
419067,Giorgi Tsitaishvili,https://www.transfermarkt.com/giorgi-tsitaishvili/profil/spieler/419067,25,18/11/2000,Rishon LeZion,Georgia,171,FC Metz,Right Winger,7,11/07/2025,30/06/2026,2.5,24,2,1,1705,1,0
375391,Joel Asoro,https://www.transfermarkt.com/joel-asoro/profil/spieler/375391,26,27/04/1999,Haninge,Sweden,176,FC Metz,Right Winger,99,24/08/2023,30/06/2027,0.9,11,0,0,348,0,0
344888,Habib Diallo,https://www.transfermarkt.com/habib-diallo/profil/spieler/344888,30,18/06/1995,Thiès,Senegal,186,FC Metz,Centre-Forward,30,31/08/2025,30/06/2028,5.0,15,4,2,1286,0,0
186233,Giorgi Kvilitaia,https://www.transfermarkt.com/giorgi-kvilitaia/profil/spieler/186233,32,01/10/1993,Abasha,Georgia,193,FC Metz,Centre-Forward,11,02/02/2026,30/06/2026,1.0,23,8,5,1383,3,0
1101719,Joseph Mangondo,https://www.transfermarkt.com/joseph-mangondo/profil/spieler/1101719,20,06/08/2005,Villeneuve-Saint-Geo...,France,185,FC Metz,Centre-Forward,17,01/07/2025,30/06/2028,0.05,56,18,3,3213,4,0
415383,Hervé Koffi,https://www.transfermarkt.com/herve-koffi/profil/spieler/415383,29,16/10/1996,Bobo-Dioulasso,Burkina Faso,184,Angers SCO,Goalkeeper,12,01/07/2025,30/06/2026,3.0,20,0,0,1800,0,0
548347,Melvin Zinga,https://www.transfermarkt.com/melvin-zinga/profil/spieler/548347,23,16/03/2002,Montivilliers,France,187,Angers SCO,Goalkeeper,16,01/07/2022,30/06/2026,0.3,5,0,0,450,0,0
1073176,Oumar Pona,https://www.transfermarkt.com/oumar-pona/profil/spieler/1073176,19,21/06/2006,Bondy,Mali,189,Angers SCO,Goalkeeper,40,01/07/2025,30/06/2027,0.1,9,0,0,810,1,0
804711,Ousmane Camara,https://www.transfermarkt.com/ousmane-camara/profil/spieler/804711,22,06/03/2003,Paris,Mali,197,Angers SCO,Centre-Back,4,16/08/2022,30/06/2029,4.0,21,1,0,1774,1,0
1071956,Emmanuel Biumla,https://www.transfermarkt.com/emmanuel-biumla/profil/spieler/1071956,20,08/05/2005,Yopougon,France,185,Angers SCO,Centre-Back,24,31/07/2024,30/06/2028,3.0,8,0,0,525,0,0
192492,Jordan Lefort,https://www.transfermarkt.com/jordan-lefort/profil/spieler/192492,32,09/08/1993,Champigny-sur-Marne,France,184,Angers SCO,Centre-Back,21,01/07/2023,30/06/2029,1.2,24,0,1,2160,2,0
62351,Abdoulaye Bamba,https://www.transfermarkt.com/abdoulaye-bamba/profil/spieler/62351,35,25/04/1990,Abidjan,Cote d'Ivoire,182,Angers SCO,Centre-Back,25,01/01/2017,30/06/2026,0.25,5,0,1,369,0,0
970279,Jacques Ekomié,https://www.transfermarkt.com/jacques-ekomie/profil/spieler/970279,22,19/08/2003,Libreville,Gabon,179,Angers SCO,Left-Back,3,31/07/2024,30/06/2027,4.0,23,0,0,1562,4,0
111811,Florent Hanin,https://www.transfermarkt.com/florent-hanin/profil/spieler/111811,36,04/02/1990,Le Havre,France,177,Angers SCO,Left-Back,26,31/07/2023,30/06/2026,0.25,18,0,0,721,0,0
955354,Dan Sinaté,https://www.transfermarkt.com/dan-sinate/profil/spieler/955354,19,09/06/2006,Chambray-lès-Tours,Mali,181,Angers SCO,Left-Back,23,01/07/2025,30/06/2029,0,12,0,1,948,1,0
371686,Carlens Arcus,https://www.transfermarkt.com/carlens-arcus/profil/spieler/371686,29,28/06/1996,Port-au-Prince,Haiti,176,Angers SCO,Right-Back,2,01/07/2024,30/06/2026,1.8,23,0,3,1921,5,0
829874,Lilian Raolisoa,https://www.transfermarkt.com/lilian-raolisoa/profil/spieler/829874,25,16/06/2000,Angers,France,178,Angers SCO,Right-Back,27,01/07/2023,30/06/2028,1.8,23,2,2,1276,2,0
1103652,Marius Louër,https://www.transfermarkt.com/marius-louer/profil/spieler/1103652,18,11/03/2007,Saint-Herblain,France,181,Angers SCO,Right-Back,20,01/07/2025,30/06/2028,0.1,9,0,0,586,1,1
1075575,Marius Courcoul,https://www.transfermarkt.com/marius-courcoul/profil/spieler/1075575,19,01/01/2007,Château-Gontier,France,182,Angers SCO,Defensive Midfield,5,01/02/2025,30/06/2026,0.7,19,0,0,501,0,0
807688,Yassin Belkhdim,https://www.transfermarkt.com/yassin-belkhdim/profil/spieler/807688,24,14/02/2002,Meulan-en-Yvelines,Morocco,175,Angers SCO,Central Midfield,14,01/01/2024,30/06/2028,4.0,23,2,2,1859,3,0
203938,Branco van den Boomen,https://www.transfermarkt.com/branco-van-den-boomen/profil/spieler/203938,30,21/07/1995,Veldhoven,Netherlands,188,Angers SCO,Central Midfield,8,21/01/2026,30/06/2026,2.5,5,0,1,314,1,0
138055,Haris Belkebla,https://www.transfermarkt.com/haris-belkebla/profil/spieler/138055,32,28/01/1994,Drancy,Algeria,177,Angers SCO,Central Midfield,93,17/08/2024,30/06/2026,2.0,22,0,0,1933,8,0
214532,Pierrick Capelle,https://www.transfermarkt.com/pierrick-capelle/profil/spieler/214532,38,15/04/1987,Lesquin,France,181,Angers SCO,Central Midfield,15,01/07/2015,30/06/2026,0.2,7,0,0,224,1,0
904662,Louis Mouton,https://www.transfermarkt.com/louis-mouton/profil/spieler/904662,23,03/06/2002,Saint-Priest-en-Jare...,France,180,Angers SCO,Attacking Midfield,6,01/07/2025,30/06/2028,2.5,23,2,1,1665,2,1
851220,Amine Sbaï,https://www.transfermarkt.com/amine-sbai/profil/spieler/851220,25,05/11/2000,Sidi Kacem,Morocco,175,Angers SCO,Left Winger,7,08/10/2025,30/06/2027,1.5,18,2,1,1209,1,1
1133929,Harouna Djibirin,https://www.transfermarkt.com/harouna-djibirin/profil/spieler/1133929,19,05/11/2006,Yaoundé,Cameroon,175,Angers SCO,Right Winger,31,01/07/2025,30/06/2029,0.2,14,2,2,391,2,0
1103958,Prosper Peter,https://www.transfermarkt.com/prosper-peter/profil/spieler/1103958,18,09/08/2007,Paris,France,188,Angers SCO,Centre-Forward,35,01/07/2025,30/06/2027,5.0,23,3,1,1059,0,0
525140,Goduine Koyalipou,https://www.transfermarkt.com/goduine-koyalipou/profil/spieler/525140,26,15/02/2000,Bangui,Central African Republic,184,Angers SCO,Centre-Forward,9,29/01/2026,30/06/2026,2.5,17,2,0,562,1,0
1096744,Lanroy Machine,https://www.transfermarkt.com/lanroy-machine/profil/spieler/1096744,20,13/10/2005,Saint-Laurent-du-Mar...,France,183,Angers SCO,Centre-Forward,36,01/07/2025,,0.7,19,2,0,587,1,0
